couponId,couponName,couponTypeName,couponActivityName,receiveCustomerNum,minOrderMoney,couponAmount,discountRate,customerMaxNum,couponValidBeginTime,couponValidEndTime,section,frontPartition
45608,8元运费券丨京东快递,运费券,26年10月超级会员日,8726,1.0,8.0,100.0,1,2026-10-09 00:00:00,2026-10-09 23:59:59,超级会员日,12
45546,30元商品券丨面板定制,面板打印券,26年10月超级会员日,4776,0.0,30.0,100.0,1,2026-10-09 00:00:00,2026-10-09 23:59:59,超级会员日,12
45863,50元面板定制商品券,面板打印券,26年10月超级会员日,563,200.0,50.0,25.0,1,2026-10-09 00:00:00,2026-10-09 23:59:59,超级会员日,12
45584,400元面板定制商品券,面板打印券,面板定制2026年10月优惠活动,537,8000.0,400.0,5.0,2,2026-10-01 00:00:00,2026-10-31 23:59:59,超级会员日,12
45543,50元现货券 | 工业品,商品券,26年10月超级会员日,3849,500.0,50.0,10.0,1,2026-10-09 00:00:00,2026-10-09 23:59:59,超级会员日,12
45542,30元现货券 | 工业品,商品券,26年10月超级会员日,3853,200.0,30.0,15.0,1,2026-10-09 00:00:00,2026-10-09 23:59:59,超级会员日,12
45129,10元讯普品牌商品券,讯普,26年10月超级会员日品牌推广活动,1477,11.0,10.0,90.91,1,2026-10-09 00:00:00,2026-10-09 23:59:59,超级会员日,12
45130,10元固得沃克品牌商品券,固得沃克,26年10月超级会员日品牌推广活动,1457,11.0,10.0,90.91,1,2026-10-09 00:00:00,2026-10-09 23:59:59,超级会员日,12
45131,10元华灿天禄品牌商品券,华灿天禄,26年10月超级会员日品牌推广活动,1441,11.0,10.0,90.91,1,2026-10-09 00:00:00,2026-10-09 23:59:59,超级会员日,12
45132,10元中国星坤品牌商品券,中国星坤,26年10月超级会员日品牌推广活动,1449,11.0,10.0,90.91,1,2026-10-09 00:00:00,2026-10-09 23:59:59,超级会员日,12
45133,10元爱普微品牌商品券,爱普微,26年10月超级会员日品牌推广活动,1370,11.0,10.0,90.91,1,2026-10-09 00:00:00,2026-10-09 23:59:59,超级会员日,12
45134,10元地博电气品牌商品券,地博电气,26年10月超级会员日品牌推广活动,1349,11.0,10.0,90.91,1,2026-10-09 00:00:00,2026-10-09 23:59:59,超级会员日,12
45135,10元芯伯乐品牌商品券,芯伯乐,26年10月超级会员日品牌推广活动,1399,11.0,10.0,90.91,1,2026-10-09 00:00:00,2026-10-09 23:59:59,超级会员日,12
45136,10元兆星品牌商品券,兆星,26年10月超级会员日品牌推广活动,1373,11.0,10.0,90.91,1,2026-10-09 00:00:00,2026-10-09 23:59:59,超级会员日,12
45137,10元蝙蝠无线品牌商品券,蝙蝠无线,26年10月超级会员日品牌推广活动,1313,11.0,10.0,90.91,1,2026-10-09 00:00:00,2026-10-09 23:59:59,超级会员日,12
45138,10元富捷品牌商品券,富捷,26年10月超级会员日品牌推广活动,1570,11.0,10.0,90.91,1,2026-10-09 00:00:00,2026-10-09 23:59:59,超级会员日,12
45139,10元长江微电品牌商品券,长江微电,26年10月超级会员日品牌推广活动,1439,11.0,10.0,90.91,1,2026-10-09 00:00:00,2026-10-09 23:59:59,超级会员日,12
45140,10元顺翔诺品牌商品券,顺翔诺,26年10月超级会员日品牌推广活动,1326,11.0,10.0,90.91,1,2026-10-09 00:00:00,2026-10-09 23:59:59,超级会员日,12
45141,10元拓展光电品牌商品券,拓展光电,26年10月超级会员日品牌推广活动,1329,11.0,10.0,90.91,1,2026-10-09 00:00:00,2026-10-09 23:59:59,超级会员日,12
45142,10元瀚源品牌商品券,瀚源,26年10月超级会员日品牌推广活动,1352,11.0,10.0,90.91,1,2026-10-09 00:00:00,2026-10-09 23:59:59,超级会员日,12
45143,10元杜因特品牌商品券,杜因特,26年10月超级会员日品牌推广活动,1302,11.0,10.0,90.91,1,2026-10-09 00:00:00,2026-10-09 23:59:59,超级会员日,12
45144,10元新锐品牌商品券,新锐,26年10月超级会员日品牌推广活动,1340,11.0,10.0,90.91,1,2026-10-09 00:00:00,2026-10-09 23:59:59,超级会员日,12
45145,10元恒利泰品牌商品券,恒利泰,26年10月超级会员日品牌推广活动,1254,11.0,10.0,90.91,1,2026-10-09 00:00:00,2026-10-09 23:59:59,超级会员日,12
45146,10元讯答品牌商品券,讯答,26年10月超级会员日品牌推广活动,1264,11.0,10.0,90.91,1,2026-10-09 00:00:00,2026-10-09 23:59:59,超级会员日,12
45147,10元宝讯品牌商品券,宝讯,26年10月超级会员日品牌推广活动,1284,11.0,10.0,90.91,1,2026-10-09 00:00:00,2026-10-09 23:59:59,超级会员日,12
45148,10元磁联达品牌商品券,磁联达,26年10月超级会员日品牌推广活动,1289,11.0,10.0,90.91,1,2026-10-09 00:00:00,2026-10-09 23:59:59,超级会员日,12
45541,10元现货券 | 工业品,商品券,26年10月超级会员日,4020,39.0,10.0,25.64,1,2026-10-09 00:00:00,2026-10-09 23:59:59,超级会员日,12
45817,100元PLUS会费券,PLUS会费券,2026年10月PLUS升级福利,4095,199.0,100.0,50.25,1,2026-10-09 00:00:00,2026-10-31 23:59:59,综合专区,1
45789,9.9自营免邮券丨京东快递,运费券,9.9免邮活动丨26年10月,2725,9.9,9.0,90.91,1,2026-10-01 00:00:00,2026-10-31 23:59:59,综合专区,1
45567,30元面板定制新人专享优惠券,面板打印券,面板定制2026年10月优惠活动,518,0.0,30.0,100.0,1,2026-10-01 00:00:00,2026-10-31 23:59:59,综合专区,1
45623,海外代购TI.COM渠道优惠券,商品券,2026年10月海外代购优惠券活动,419,30000.0,1000.0,3.33,1,2026-10-01 00:00:00,2026-10-31 23:59:59,综合专区,1
45620,海外代购TI.COM渠道优惠券,商品券,2026年10月海外代购优惠券活动,352,15000.0,450.0,3.0,1,2026-10-01 00:00:00,2026-10-31 23:59:59,综合专区,1
44998,400元合作库存专属商品券,商品券,2026年10月立创订货优惠券活动,175,30000.0,400.0,1.33,1,2026-10-01 00:00:00,2026-10-31 23:59:59,综合专区,1
45609,300元海外代购券,商品券,2026年10月海外代购优惠券活动,382,20000.0,300.0,1.5,1,2026-10-01 00:00:00,2026-10-31 23:59:59,综合专区,1
44999,200元合作库存专属商品券,商品券,2026年10月立创订货优惠券活动,173,20000.0,200.0,1.0,1,2026-10-01 00:00:00,2026-10-31 23:59:59,综合专区,1
45610,海外代购TI.COM渠道优惠券,商品券,2026年10月海外代购优惠券活动,342,5000.0,150.0,3.0,1,2026-10-01 00:00:00,2026-10-31 23:59:59,综合专区,1
45000,100元合作库存专属商品券,商品券,2026年10月立创订货优惠券活动,170,12000.0,100.0,0.83,1,2026-10-01 00:00:00,2026-10-31 23:59:59,综合专区,1
45025,25元工业品新客首单券,商品券,立创工业品-每月券-26年10月,550,50.0,25.0,50.0,1,2026-10-01 00:00:00,2026-10-31 23:59:59,综合专区,1
45183,15元捷而瑞品牌商品券,捷而瑞,26年10月品牌推广活动,923,16.0,15.0,93.75,1,2026-10-01 00:00:00,2026-10-31 23:59:59,综合专区,1
45455,7元天天团运费券丨仅移动端可用,运费券,移动端天天团丨26年10月,1406,0.01,7.0,100.0,1,2026-10-01 00:00:00,2026-10-31 23:59:59,面板定制 & 移动端,13
45645,100元硕方品牌商品券,硕方,26年10月品牌推广活动,68,1000.0,100.0,10.0,1,2026-10-01 00:00:00,2026-10-31 23:59:59,品牌推广专区,2
45654,100元微硕品牌指定类目商品券,微硕,26年10月品牌推广活动,70,300.0,100.0,33.33,1,2026-10-01 00:00:00,2026-10-31 23:59:59,品牌推广专区,2
45711,100元宏嘉诚品牌商品券,宏嘉诚,26年10月品牌推广活动,79,1000.0,100.0,10.0,1,2026-10-01 00:00:00,2026-10-31 23:59:59,品牌推广专区,2
45792,100元华灿天禄品牌商品券,华灿天禄,26年10月品牌推广活动,75,1000.0,100.0,10.0,1,2026-10-01 00:00:00,2026-10-31 23:59:59,品牌推广专区,2
45832,100元美佳音品牌商品券,美佳音,26年10月品牌推广活动,66,2000.0,100.0,5.0,1,2026-10-01 00:00:00,2026-10-31 23:59:59,品牌推广专区,2
45643,80元芯联创展品牌商品券,芯联创展,26年10月品牌推广活动,67,500.0,80.0,16.0,1,2026-10-01 00:00:00,2026-10-31 23:59:59,品牌推广专区,2
45734,80元顺磁品牌商品券,顺磁,26年10月品牌推广活动,69,1000.0,80.0,8.0,1,2026-10-01 00:00:00,2026-10-31 23:59:59,品牌推广专区,2
45847,80元芯昌科技品牌商品券,芯昌科技,26年10月品牌推广活动,66,1000.0,80.0,8.0,1,2026-10-01 00:00:00,2026-10-31 23:59:59,品牌推广专区,2
44978,60元方成品牌商品券,方成,26年10月品牌推广活动,66,600.0,60.0,10.0,1,2026-10-01 00:00:00,2026-10-31 23:59:59,品牌推广专区,2
45421,60元韩国韩荣品牌商品券,韩国韩荣,26年10月品牌推广活动,70,500.0,60.0,12.0,1,2026-10-01 00:00:00,2026-10-31 23:59:59,品牌推广专区,2
45509,60元精拓金品牌商品券,精拓金,26年10月品牌推广活动,67,1000.0,60.0,6.0,1,2026-10-01 00:00:00,2026-10-31 23:59:59,品牌推广专区,2
44970,50元欧密格光电品牌商品券,欧密格光电,26年10月品牌推广活动,66,300.0,50.0,16.67,1,2026-10-01 00:00:00,2026-10-31 23:59:59,品牌推广专区,2
44972,50元奥特品牌商品券,奥特,26年10月品牌推广活动,68,500.0,50.0,10.0,1,2026-10-01 00:00:00,2026-10-31 23:59:59,品牌推广专区,2
44980,50元恒拓电子品牌商品券,恒拓电子,26年10月品牌推广活动,67,500.0,50.0,10.0,1,2026-10-01 00:00:00,2026-10-31 23:59:59,品牌推广专区,2
44982,50元健特品牌商品券,健特,26年10月品牌推广活动,67,300.0,50.0,16.67,1,2026-10-01 00:00:00,2026-10-31 23:59:59,品牌推广专区,2
44992,50元纽航品牌商品券,纽航,26年10月品牌推广活动,67,500.0,50.0,10.0,1,2026-10-01 00:00:00,2026-10-31 23:59:59,品牌推广专区,2
45006,50元矽普品牌商品券,矽普,26年10月品牌推广活动,70,500.0,50.0,10.0,1,2026-10-01 00:00:00,2026-10-31 23:59:59,品牌推广专区,2
45012,50元统佳品牌商品券,统佳,26年10月品牌推广活动,67,200.0,50.0,25.0,1,2026-10-01 00:00:00,2026-10-31 23:59:59,品牌推广专区,2
45015,50元拓展光电品牌商品券,拓展光电,26年10月品牌推广活动,67,500.0,50.0,10.0,1,2026-10-01 00:00:00,2026-10-31 23:59:59,品牌推广专区,2
45017,50元成兴光品牌商品券,成兴光,26年10月品牌推广活动,75,500.0,50.0,10.0,1,2026-10-01 00:00:00,2026-10-31 23:59:59,品牌推广专区,2
45020,50元佑风微品牌商品券,佑风微,26年10月品牌推广活动,68,500.0,50.0,10.0,1,2026-10-01 00:00:00,2026-10-31 23:59:59,品牌推广专区,2
45160,50元米朗电子品牌商品券,米朗电子,26年10月品牌推广活动,67,200.0,50.0,25.0,1,2026-10-01 00:00:00,2026-10-31 23:59:59,品牌推广专区,2
45162,50元旌芯半导体品牌商品券,旌芯半导体,26年10月品牌推广活动,66,500.0,50.0,10.0,1,2026-10-01 00:00:00,2026-10-31 23:59:59,品牌推广专区,2
45168,50元陆特品牌商品券,陆特,26年10月品牌推广活动,66,200.0,50.0,25.0,1,2026-10-01 00:00:00,2026-10-31 23:59:59,品牌推广专区,2
45169,50元开步睿思品牌商品券,开步睿思,26年10月品牌推广活动,66,500.0,50.0,10.0,1,2026-10-01 00:00:00,2026-10-31 23:59:59,品牌推广专区,2
45176,50元国星光电品牌商品券,国星光电,26年10月品牌推广活动,69,200.0,50.0,25.0,1,2026-10-01 00:00:00,2026-10-31 23:59:59,品牌推广专区,2
45238,50元国连品牌商品券,国连,26年10月品牌推广活动,68,500.0,50.0,10.0,1,2026-10-01 00:00:00,2026-10-31 23:59:59,品牌推广专区,2
45244,50元德利品牌商品券,德利,26年10月品牌推广活动,68,300.0,50.0,16.67,1,2026-10-01 00:00:00,2026-10-31 23:59:59,品牌推广专区,2
45246,50元富隆电子品牌商品券,富隆电子,26年10月品牌推广活动,70,200.0,50.0,25.0,1,2026-10-01 00:00:00,2026-10-31 23:59:59,品牌推广专区,2
45253,50元华轩阳电子品牌商品券,华轩阳电子,26年10月品牌推广活动,77,200.0,50.0,25.0,1,2026-10-01 00:00:00,2026-10-31 23:59:59,品牌推广专区,2
45263,50元毫欧品牌商品券,毫欧,26年10月品牌推广活动,71,500.0,50.0,10.0,1,2026-10-01 00:00:00,2026-10-31 23:59:59,品牌推广专区,2
45291,50元固得沃克品牌商品券,固得沃克,26年10月品牌推广活动,82,200.0,50.0,25.0,1,2026-10-01 00:00:00,2026-10-31 23:59:59,品牌推广专区,2
45295,50元金航标品牌商品券,金航标,26年10月品牌推广活动,70,500.0,50.0,10.0,1,2026-10-01 00:00:00,2026-10-31 23:59:59,品牌推广专区,2
45369,50元振宝佳品牌商品券,振宝佳,26年10月品牌推广活动,66,300.0,50.0,16.67,1,2026-10-01 00:00:00,2026-10-31 23:59:59,品牌推广专区,2
45391,50元松田品牌商品券,松田,26年10月品牌推广活动,67,300.0,50.0,16.67,1,2026-10-01 00:00:00,2026-10-31 23:59:59,品牌推广专区,2
45401,50元驰兴电感品牌商品券,驰兴电感,26年10月品牌推广活动,71,200.0,50.0,25.0,1,2026-10-01 00:00:00,2026-10-31 23:59:59,品牌推广专区,2
45405,50元集电通品牌商品券,集电通,26年10月品牌推广活动,68,200.0,50.0,25.0,1,2026-10-01 00:00:00,2026-10-31 23:59:59,品牌推广专区,2
45409,50元思大品牌商品券,思大,26年10月品牌推广活动,66,500.0,50.0,10.0,1,2026-10-01 00:00:00,2026-10-31 23:59:59,品牌推广专区,2
45423,50元众驰电子品牌商品券,众驰电子,26年10月品牌推广活动,67,200.0,50.0,25.0,1,2026-10-01 00:00:00,2026-10-31 23:59:59,品牌推广专区,2
45425,50元德立品牌指定类目商品券,德立,26年10月品牌推广活动,67,300.0,50.0,16.67,1,2026-10-01 00:00:00,2026-10-31 23:59:59,品牌推广专区,2
45454,50元兆讯品牌商品券,兆讯,26年10月品牌推广活动,64,500.0,50.0,10.0,1,2026-10-01 00:00:00,2026-10-31 23:59:59,品牌推广专区,2
45459,50元比诺星品牌商品券,比诺星,26年10月品牌推广活动,65,200.0,50.0,25.0,1,2026-10-01 00:00:00,2026-10-31 23:59:59,品牌推广专区,2
45466,50元恩盛品牌商品券,恩盛,26年10月品牌推广活动,65,500.0,50.0,10.0,1,2026-10-01 00:00:00,2026-10-31 23:59:59,品牌推广专区,2
45468,50元乔光电子品牌商品券,乔光电子,26年10月品牌推广活动,66,1000.0,50.0,5.0,1,2026-10-01 00:00:00,2026-10-31 23:59:59,品牌推广专区,2
45472,50元恒利泰品牌商品券,恒利泰,26年10月品牌推广活动,68,200.0,50.0,25.0,1,2026-10-01 00:00:00,2026-10-31 23:59:59,品牌推广专区,2
45490,50元瑞隆源品牌商品券,瑞隆源,26年10月品牌推广活动,66,500.0,50.0,10.0,1,2026-10-01 00:00:00,2026-10-31 23:59:59,品牌推广专区,2
45552,50元宝乘品牌商品券,宝乘,26年10月品牌推广活动,66,200.0,50.0,25.0,1,2026-10-01 00:00:00,2026-10-31 23:59:59,品牌推广专区,2
45556,50元佰宏品牌商品券,佰宏,26年10月品牌推广活动,66,300.0,50.0,16.67,1,2026-10-01 00:00:00,2026-10-31 23:59:59,品牌推广专区,2
45560,50元博锡品牌商品券,博锡,26年10月品牌推广活动,69,500.0,50.0,10.0,1,2026-10-01 00:00:00,2026-10-31 23:59:59,品牌推广专区,2
45564,50元灿科盟品牌商品券,灿科盟,26年10月品牌推广活动,72,500.0,50.0,10.0,1,2026-10-01 00:00:00,2026-10-31 23:59:59,品牌推广专区,2
45569,50元长运通品牌商品券,长运通,26年10月品牌推广活动,65,500.0,50.0,10.0,1,2026-10-01 00:00:00,2026-10-31 23:59:59,品牌推广专区,2
45570,50元地博电气品牌商品券,地博电气,26年10月品牌推广活动,69,300.0,50.0,16.67,1,2026-10-01 00:00:00,2026-10-31 23:59:59,品牌推广专区,2
45573,50元静芯品牌商品券,静芯,26年10月品牌推广活动,71,200.0,50.0,25.0,1,2026-10-01 00:00:00,2026-10-31 23:59:59,品牌推广专区,2
45575,50元高芯电子品牌商品券,高芯电子,26年10月品牌推广活动,66,200.0,50.0,25.0,1,2026-10-01 00:00:00,2026-10-31 23:59:59,品牌推广专区,2
45578,50元富芯森美品牌商品券,富芯森美,26年10月品牌推广活动,70,500.0,50.0,10.0,1,2026-10-01 00:00:00,2026-10-31 23:59:59,品牌推广专区,2
45589,50元赫尔半导体品牌商品券,赫尔半导体,26年10月品牌推广活动,64,200.0,50.0,25.0,1,2026-10-01 00:00:00,2026-10-31 23:59:59,品牌推广专区,2
45593,50元航顺品牌开发板商品券,航顺,26年10月品牌推广活动,309,51.0,50.0,98.04,1,2026-10-01 00:00:00,2026-10-31 23:59:59,品牌推广专区,2
45597,50元荣誉品牌商品券,荣誉,26年10月品牌推广活动,71,200.0,50.0,25.0,1,2026-10-01 00:00:00,2026-10-31 23:59:59,品牌推广专区,2
45605,50元强生光电品牌商品券,强生光电,26年10月品牌推广活动,69,500.0,50.0,10.0,1,2026-10-01 00:00:00,2026-10-31 23:59:59,品牌推广专区,2
45622,50元兆星品牌商品券,兆星,26年10月品牌推广活动,73,500.0,50.0,10.0,1,2026-10-01 00:00:00,2026-10-31 23:59:59,品牌推广专区,2
45631,50元米客方德品牌商品券,米客方德,26年10月品牌推广活动,64,500.0,50.0,10.0,1,2026-10-01 00:00:00,2026-10-31 23:59:59,品牌推广专区,2
45632,50元美森科品牌商品券,美森科,26年10月品牌推广活动,74,500.0,50.0,10.0,1,2026-10-01 00:00:00,2026-10-31 23:59:59,品牌推广专区,2
45635,50元徕飞品牌商品券,徕飞,26年10月品牌推广活动,67,200.0,50.0,25.0,1,2026-10-01 00:00:00,2026-10-31 23:59:59,品牌推广专区,2
45639,50元升阳品牌商品券,升阳,26年10月品牌推广活动,67,500.0,50.0,10.0,1,2026-10-01 00:00:00,2026-10-31 23:59:59,品牌推广专区,2
45651,50元拓电半导体品牌商品券,拓电半导体,26年10月品牌推广活动,66,500.0,50.0,10.0,1,2026-10-01 00:00:00,2026-10-31 23:59:59,品牌推广专区,2
45658,50元芯伯乐品牌商品券,芯伯乐,26年10月品牌推广活动,74,500.0,50.0,10.0,1,2026-10-01 00:00:00,2026-10-31 23:59:59,品牌推广专区,2
45666,50元雅晶鑫品牌指定类目商品券,雅晶鑫,26年10月品牌推广活动,66,500.0,50.0,10.0,1,2026-10-01 00:00:00,2026-10-31 23:59:59,品牌推广专区,2
45672,50元正芯品牌商品券,正芯,26年10月品牌推广活动,68,300.0,50.0,16.67,1,2026-10-01 00:00:00,2026-10-31 23:59:59,品牌推广专区,2
45710,50元宏嘉诚品牌商品券,宏嘉诚,26年10月品牌推广活动,82,200.0,50.0,25.0,1,2026-10-01 00:00:00,2026-10-31 23:59:59,品牌推广专区,2
45723,50元科泰普品牌商品券,科泰普,26年10月品牌推广活动,66,500.0,50.0,10.0,1,2026-10-01 00:00:00,2026-10-31 23:59:59,品牌推广专区,2
45729,50元MDD品牌商品券,辰达半导体,26年10月品牌推广活动,66,500.0,50.0,10.0,1,2026-10-01 00:00:00,2026-10-31 23:59:59,品牌推广专区,2
45787,50元创都品牌商品券,创都,26年10月品牌推广活动,69,500.0,50.0,10.0,1,2026-10-01 00:00:00,2026-10-31 23:59:59,品牌推广专区,2
45791,50元汉博品牌商品券,汉博,26年10月品牌推广活动,69,500.0,50.0,10.0,1,2026-10-01 00:00:00,2026-10-31 23:59:59,品牌推广专区,2
45845,50元诚韬品牌商品券,诚韬,26年10月品牌推广活动,67,200.0,50.0,25.0,1,2026-10-01 00:00:00,2026-10-31 23:59:59,品牌推广专区,2
45849,50元国晶微半导体品牌商品券,国晶微半导体,26年10月品牌推广活动,66,500.0,50.0,10.0,1,2026-10-01 00:00:00,2026-10-31 23:59:59,品牌推广专区,2
45851,50元讯答品牌商品券,讯答,26年10月品牌推广活动,69,500.0,50.0,10.0,1,2026-10-01 00:00:00,2026-10-31 23:59:59,品牌推广专区,2
45393,40元技象科技品牌商品券,技象科技,26年10月品牌推广活动,101,60.0,40.0,66.67,1,2026-10-01 00:00:00,2026-10-31 23:59:59,品牌推广专区,2
45437,40元台普品牌商品券,台普,26年10月品牌推广活动,72,100.0,40.0,40.0,1,2026-10-01 00:00:00,2026-10-31 23:59:59,品牌推广专区,2
45010,35元台冠电子品牌商品券,台冠电子,26年10月品牌推广活动,68,100.0,35.0,35.0,1,2026-10-01 00:00:00,2026-10-31 23:59:59,品牌推广专区,2
45024,35元易川品牌商品券,易川,26年10月品牌推广活动,66,500.0,35.0,7.0,1,2026-10-01 00:00:00,2026-10-31 23:59:59,品牌推广专区,2
45088,35元易成品牌商品券,易成,26年10月品牌推广活动,67,500.0,35.0,7.0,1,2026-10-01 00:00:00,2026-10-31 23:59:59,品牌推广专区,2
45261,35元鲁光品牌商品券,鲁光,26年10月品牌推广活动,72,100.0,35.0,35.0,1,2026-10-01 00:00:00,2026-10-31 23:59:59,品牌推广专区,2
45477,35元慧芯品牌商品券,慧芯,26年10月品牌推广活动,70,100.0,35.0,35.0,1,2026-10-01 00:00:00,2026-10-31 23:59:59,品牌推广专区,2
44988,30元瓴科微品牌商品券,瓴科微,26年10月品牌推广活动,71,100.0,30.0,30.0,1,2026-10-01 00:00:00,2026-10-31 23:59:59,品牌推广专区,2
44989,30元兆讯品牌商品券,兆讯,26年10月品牌推广活动,67,300.0,30.0,10.0,1,2026-10-01 00:00:00,2026-10-31 23:59:59,品牌推广专区,2
44997,30元时科品牌商品券,时科,26年10月品牌推广活动,67,200.0,30.0,15.0,1,2026-10-01 00:00:00,2026-10-31 23:59:59,品牌推广专区,2
45092,30元友贸品牌商品券,友贸,26年10月品牌推广活动,67,500.0,30.0,6.0,1,2026-10-01 00:00:00,2026-10-31 23:59:59,品牌推广专区,2
45164,30元桂光光电品牌商品券,桂光光电,26年10月品牌推广活动,67,200.0,30.0,15.0,1,2026-10-01 00:00:00,2026-10-31 23:59:59,品牌推广专区,2
45172,30元瑞鑫品牌商品券,瑞鑫,26年10月品牌推广活动,68,100.0,30.0,30.0,1,2026-10-01 00:00:00,2026-10-31 23:59:59,品牌推广专区,2
45174,30元业展品牌商品券,业展,26年10月品牌推广活动,66,200.0,30.0,15.0,1,2026-10-01 00:00:00,2026-10-31 23:59:59,品牌推广专区,2
45184,30元捷而瑞品牌商品券,捷而瑞,26年10月品牌推广活动,79,200.0,30.0,15.0,1,2026-10-01 00:00:00,2026-10-31 23:59:59,品牌推广专区,2
45251,30元皓宇电子品牌商品券,皓宇电子,26年10月品牌推广活动,67,200.0,30.0,15.0,1,2026-10-01 00:00:00,2026-10-31 23:59:59,品牌推广专区,2
45255,30元康奈克斯电气品牌商品券,康奈克斯电气,26年10月品牌推广活动,70,300.0,30.0,10.0,1,2026-10-01 00:00:00,2026-10-31 23:59:59,品牌推广专区,2
45257,30元蓝图微电品牌商品券,蓝图微电,26年10月品牌推广活动,66,200.0,30.0,15.0,1,2026-10-01 00:00:00,2026-10-31 23:59:59,品牌推广专区,2
45259,30元六钧品牌商品券,六钧,26年10月品牌推广活动,72,200.0,30.0,15.0,1,2026-10-01 00:00:00,2026-10-31 23:59:59,品牌推广专区,2
45275,30元宝讯品牌商品券,宝讯,26年10月品牌推广活动,70,200.0,30.0,15.0,1,2026-10-01 00:00:00,2026-10-31 23:59:59,品牌推广专区,2
45279,30元华宇创品牌商品券,华宇创,26年10月品牌推广活动,68,300.0,30.0,10.0,1,2026-10-01 00:00:00,2026-10-31 23:59:59,品牌推广专区,2
45292,30元瀚源品牌商品券,瀚源,26年10月品牌推广活动,74,200.0,30.0,15.0,1,2026-10-01 00:00:00,2026-10-31 23:59:59,品牌推广专区,2
45300,30元扬兴晶振品牌商品券,扬兴晶振,26年10月品牌推广活动,71,500.0,30.0,6.0,1,2026-10-01 00:00:00,2026-10-31 23:59:59,品牌推广专区,2
45308,30元灵星芯微品牌商品券,灵星芯微,26年10月品牌推广活动,69,200.0,30.0,15.0,1,2026-10-01 00:00:00,2026-10-31 23:59:59,品牌推广专区,2
45310,30元深圳质超品牌商品券,深圳质超,26年10月品牌推广活动,66,200.0,30.0,15.0,1,2026-10-01 00:00:00,2026-10-31 23:59:59,品牌推广专区,2
45363,30元鼎容品牌商品券,鼎容,26年10月品牌推广活动,66,300.0,30.0,10.0,1,2026-10-01 00:00:00,2026-10-31 23:59:59,品牌推广专区,2
45371,30元富港品牌商品券,富港,26年10月品牌推广活动,67,200.0,30.0,15.0,1,2026-10-01 00:00:00,2026-10-31 23:59:59,品牌推广专区,2
45377,30元韩下品牌商品券,韩下,26年10月品牌推广活动,76,200.0,30.0,15.0,1,2026-10-01 00:00:00,2026-10-31 23:59:59,品牌推广专区,2
45381,30元华宇品牌商品券,华宇,26年10月品牌推广活动,67,500.0,30.0,6.0,1,2026-10-01 00:00:00,2026-10-31 23:59:59,品牌推广专区,2
45383,30元安芯微半导体品牌商品券,安芯微半导体,26年10月品牌推广活动,66,500.0,30.0,6.0,1,2026-10-01 00:00:00,2026-10-31 23:59:59,品牌推广专区,2
45385,30元元磁品牌商品券,元磁,26年10月品牌推广活动,67,200.0,30.0,15.0,1,2026-10-01 00:00:00,2026-10-31 23:59:59,品牌推广专区,2
45388,30元SM Switch品牌商品券,SM Switch,26年10月品牌推广活动,68,200.0,30.0,15.0,1,2026-10-01 00:00:00,2026-10-31 23:59:59,品牌推广专区,2
45395,30元伟烽品牌商品券,伟烽,26年10月品牌推广活动,66,200.0,30.0,15.0,1,2026-10-01 00:00:00,2026-10-31 23:59:59,品牌推广专区,2
45403,30元德旭电子品牌商品券,德旭电子,26年10月品牌推广活动,68,200.0,30.0,15.0,1,2026-10-01 00:00:00,2026-10-31 23:59:59,品牌推广专区,2
45407,30元里阳半导体品牌商品券,里阳半导体,26年10月品牌推广活动,66,200.0,30.0,15.0,1,2026-10-01 00:00:00,2026-10-31 23:59:59,品牌推广专区,2
45415,30元迪嘉品牌商品券,迪嘉,26年10月品牌推广活动,66,200.0,30.0,15.0,1,2026-10-01 00:00:00,2026-10-31 23:59:59,品牌推广专区,2
45417,30元佑驰品牌商品券,佑驰,26年10月品牌推广活动,68,100.0,30.0,30.0,1,2026-10-01 00:00:00,2026-10-31 23:59:59,品牌推广专区,2
45419,30元志得品牌商品券,志得,26年10月品牌推广活动,66,200.0,30.0,15.0,1,2026-10-01 00:00:00,2026-10-31 23:59:59,品牌推广专区,2
45462,30元柯爱亚品牌商品券,柯爱亚,26年10月品牌推广活动,68,300.0,30.0,10.0,1,2026-10-01 00:00:00,2026-10-31 23:59:59,品牌推广专区,2
45464,30元中戈泰斗品牌商品券,中戈泰斗,26年10月品牌推广活动,67,200.0,30.0,15.0,1,2026-10-01 00:00:00,2026-10-31 23:59:59,品牌推广专区,2
45470,30元华德共创品牌商品券,华德共创,26年10月品牌推广活动,67,200.0,30.0,15.0,1,2026-10-01 00:00:00,2026-10-31 23:59:59,品牌推广专区,2
45481,30元雷卯电子品牌商品券,雷卯电子,26年10月品牌推广活动,68,200.0,30.0,15.0,1,2026-10-01 00:00:00,2026-10-31 23:59:59,品牌推广专区,2
45483,30元连盛品牌商品券,连盛,26年10月品牌推广活动,67,300.0,30.0,10.0,1,2026-10-01 00:00:00,2026-10-31 23:59:59,品牌推广专区,2
45485,30元领强品牌商品券,领强,26年10月品牌推广活动,66,200.0,30.0,15.0,1,2026-10-01 00:00:00,2026-10-31 23:59:59,品牌推广专区,2
45487,30元连线电子品牌商品券,连线电子,26年10月品牌推广活动,66,200.0,30.0,15.0,1,2026-10-01 00:00:00,2026-10-31 23:59:59,品牌推广专区,2
45489,30元谱罗德品牌商品券,谱罗德,26年10月品牌推广活动,68,200.0,30.0,15.0,1,2026-10-01 00:00:00,2026-10-31 23:59:59,品牌推广专区,2
45495,30元首韩品牌商品券,首韩,26年10月品牌推广活动,80,500.0,30.0,6.0,1,2026-10-01 00:00:00,2026-10-31 23:59:59,品牌推广专区,2
45497,30元冠显光电品牌商品券,冠显光电,26年10月品牌推广活动,66,200.0,30.0,15.0,1,2026-10-01 00:00:00,2026-10-31 23:59:59,品牌推广专区,2
45499,30元钍地半导体品牌商品券,钍地半导体,26年10月品牌推广活动,69,100.0,30.0,30.0,1,2026-10-01 00:00:00,2026-10-31 23:59:59,品牌推广专区,2
45505,30元宇文发品牌商品券,宇文发,26年10月品牌推广活动,68,100.0,30.0,30.0,1,2026-10-01 00:00:00,2026-10-31 23:59:59,品牌推广专区,2
45515,30元美铼品牌商品券,美铼,26年10月品牌推广活动,67,200.0,30.0,15.0,1,2026-10-01 00:00:00,2026-10-31 23:59:59,品牌推广专区,2
45523,30元南京国微品牌商品券,南京国微,26年10月品牌推广活动,66,200.0,30.0,15.0,1,2026-10-01 00:00:00,2026-10-31 23:59:59,品牌推广专区,2
45548,30元安邦品牌商品券,安邦,26年10月品牌推广活动,66,200.0,30.0,15.0,1,2026-10-01 00:00:00,2026-10-31 23:59:59,品牌推广专区,2
45566,30元长兴品牌商品券,长兴,26年10月品牌推广活动,84,60.0,30.0,50.0,1,2026-10-01 00:00:00,2026-10-31 23:59:59,品牌推广专区,2
45581,30元绿微品牌商品券,绿微,26年10月品牌推广活动,70,200.0,30.0,15.0,1,2026-10-01 00:00:00,2026-10-31 23:59:59,品牌推广专区,2
45583,30元国睿品牌商品券,国睿,26年10月品牌推广活动,68,300.0,30.0,10.0,1,2026-10-01 00:00:00,2026-10-31 23:59:59,品牌推广专区,2
45591,30元禾芯微品牌商品券,禾芯微,26年10月品牌推广活动,67,300.0,30.0,10.0,1,2026-10-01 00:00:00,2026-10-31 23:59:59,品牌推广专区,2
45600,30元鸿源精密品牌商品券,鸿源精密,26年10月品牌推广活动,69,200.0,30.0,15.0,1,2026-10-01 00:00:00,2026-10-31 23:59:59,品牌推广专区,2
45616,30元连欣科技品牌商品券,连欣科技,26年10月品牌推广活动,70,300.0,30.0,10.0,1,2026-10-01 00:00:00,2026-10-31 23:59:59,品牌推广专区,2
45619,30元连兴旺电子品牌商品券,连兴旺电子,26年10月品牌推广活动,67,300.0,30.0,10.0,1,2026-10-01 00:00:00,2026-10-31 23:59:59,品牌推广专区,2
45641,30元永星科技品牌商品券,永星科技,26年10月品牌推广活动,67,300.0,30.0,10.0,1,2026-10-01 00:00:00,2026-10-31 23:59:59,品牌推广专区,2
45642,30元芯联创展品牌商品券,芯联创展,26年10月品牌推广活动,67,100.0,30.0,30.0,1,2026-10-01 00:00:00,2026-10-31 23:59:59,品牌推广专区,2
45649,30元绍鑫品牌商品券,绍鑫,26年10月品牌推广活动,66,200.0,30.0,15.0,1,2026-10-01 00:00:00,2026-10-31 23:59:59,品牌推广专区,2
45653,30元友台半导体品牌商品券,友台半导体,26年10月品牌推广活动,78,500.0,30.0,6.0,1,2026-10-01 00:00:00,2026-10-31 23:59:59,品牌推广专区,2
45662,30元兴飞品牌商品券,兴飞,26年10月品牌推广活动,72,200.0,30.0,15.0,1,2026-10-01 00:00:00,2026-10-31 23:59:59,品牌推广专区,2
45664,30元新锐品牌商品券,新锐,26年10月品牌推广活动,77,300.0,30.0,10.0,1,2026-10-01 00:00:00,2026-10-31 23:59:59,品牌推广专区,2
45668,30元元迪品牌商品券,元迪,26年10月品牌推广活动,67,300.0,30.0,10.0,1,2026-10-01 00:00:00,2026-10-31 23:59:59,品牌推广专区,2
45693,30元美佳音品牌商品券,美佳音,26年10月品牌推广活动,65,500.0,30.0,6.0,1,2026-10-01 00:00:00,2026-10-31 23:59:59,品牌推广专区,2
45713,30元索瑞达品牌商品券,索瑞达,26年10月品牌推广活动,69,200.0,30.0,15.0,1,2026-10-01 00:00:00,2026-10-31 23:59:59,品牌推广专区,2
45717,30元申风品牌商品券,申风,26年10月品牌推广活动,67,200.0,30.0,15.0,1,2026-10-01 00:00:00,2026-10-31 23:59:59,品牌推广专区,2
45720,30元晶光华品牌商品券,晶光华,26年10月品牌推广活动,67,300.0,30.0,10.0,1,2026-10-01 00:00:00,2026-10-31 23:59:59,品牌推广专区,2
45727,30元聆麦声学品牌商品券,聆麦声学,26年10月品牌推广活动,67,200.0,30.0,15.0,1,2026-10-01 00:00:00,2026-10-31 23:59:59,品牌推广专区,2
45730,30元摩天射频品牌商品券,摩天射频,26年10月品牌推广活动,69,300.0,30.0,10.0,1,2026-10-01 00:00:00,2026-10-31 23:59:59,品牌推广专区,2
45737,30元永裕泰品牌商品券,永裕泰,26年10月品牌推广活动,70,300.0,30.0,10.0,1,2026-10-01 00:00:00,2026-10-31 23:59:59,品牌推广专区,2
45785,30元千如品牌商品券,千如,26年10月品牌推广活动,67,200.0,30.0,15.0,1,2026-10-01 00:00:00,2026-10-31 23:59:59,品牌推广专区,2
45265,25元瑞申电子品牌商品券,瑞申电子,26年10月品牌推广活动,71,100.0,25.0,25.0,1,2026-10-01 00:00:00,2026-10-31 23:59:59,品牌推广专区,2
45306,25元凯越翔品牌商品券,凯越翔,26年10月品牌推广活动,88,50.0,25.0,50.0,1,2026-10-01 00:00:00,2026-10-31 23:59:59,品牌推广专区,2
45309,25元深圳质超品牌商品券,深圳质超,26年10月品牌推广活动,91,50.0,25.0,50.0,1,2026-10-01 00:00:00,2026-10-31 23:59:59,品牌推广专区,2
45312,25元广东场效应半导体品牌商品券,广东场效应半导体,26年10月品牌推广活动,74,100.0,25.0,25.0,1,2026-10-01 00:00:00,2026-10-31 23:59:59,品牌推广专区,2
45392,25元技象科技品牌商品券,技象科技,26年10月品牌推广活动,386,26.0,25.0,96.15,1,2026-10-01 00:00:00,2026-10-31 23:59:59,品牌推广专区,2
45412,25元信安品牌商品券,信安,26年10月品牌推广活动,71,100.0,25.0,25.0,1,2026-10-01 00:00:00,2026-10-31 23:59:59,品牌推广专区,2
45474,25元华明通品牌商品券,华明通,26年10月品牌推广活动,72,100.0,25.0,25.0,1,2026-10-01 00:00:00,2026-10-31 23:59:59,品牌推广专区,2
45626,25元迈诺斯品牌商品券,迈诺斯,26年10月品牌推广活动,119,50.0,25.0,50.0,1,2026-10-01 00:00:00,2026-10-31 23:59:59,品牌推广专区,2
45628,25元明硕品牌商品券,明硕,26年10月品牌推广活动,80,100.0,25.0,25.0,1,2026-10-01 00:00:00,2026-10-31 23:59:59,品牌推广专区,2
45630,25元米客方德品牌商品券,米客方德,26年10月品牌推广活动,417,26.0,25.0,96.15,1,2026-10-01 00:00:00,2026-10-31 23:59:59,品牌推广专区,2
45705,<品牌新人>25元国芯佳品品牌指定类目商品券,国芯佳品,26年10月品牌推广活动,70,50.0,25.0,50.0,1,2026-10-01 00:00:00,2026-10-31 23:59:59,品牌推广专区,2
45812,学生认证 | 25元首韩品牌商品券,首韩,2026年10月学生认证专属优惠券,193,26.0,25.0,96.15,1,2026-10-01 00:00:00,2026-10-31 23:59:59,品牌推广专区,2
45844,25元诚韬品牌商品券,诚韬,26年10月品牌推广活动,515,26.0,25.0,96.15,1,2026-10-01 00:00:00,2026-10-31 23:59:59,品牌推广专区,2
44974,20元磁联达品牌商品券,磁联达,26年10月品牌推广活动,486,21.0,20.0,95.24,1,2026-10-01 00:00:00,2026-10-31 23:59:59,品牌推广专区,2
45023,20元易川品牌商品券,易川,26年10月品牌推广活动,518,21.0,20.0,95.24,1,2026-10-01 00:00:00,2026-10-31 23:59:59,品牌推广专区,2
45087,20元易成品牌商品券,易成,26年10月品牌推广活动,478,21.0,20.0,95.24,1,2026-10-01 00:00:00,2026-10-31 23:59:59,品牌推广专区,2
45166,20元和佳品牌商品券,和佳,26年10月品牌推广活动,92,100.0,20.0,20.0,1,2026-10-01 00:00:00,2026-10-31 23:59:59,品牌推广专区,2
45187,20元莱联品牌商品券,莱联,26年10月品牌推广活动,515,21.0,20.0,95.24,1,2026-10-01 00:00:00,2026-10-31 23:59:59,品牌推广专区,2
45250,20元皓宇电子品牌商品券,皓宇电子,26年10月品牌推广活动,104,50.0,20.0,40.0,1,2026-10-01 00:00:00,2026-10-31 23:59:59,品牌推广专区,2
45252,20元华轩阳电子品牌商品券,华轩阳电子,26年10月品牌推广活动,713,21.0,20.0,95.24,1,2026-10-01 00:00:00,2026-10-31 23:59:59,品牌推广专区,2
45258,20元六钧品牌商品券,六钧,26年10月品牌推广活动,101,50.0,20.0,40.0,1,2026-10-01 00:00:00,2026-10-31 23:59:59,品牌推广专区,2
45277,20元虹成电子品牌商品券,虹成电子,26年10月品牌推广活动,532,21.0,20.0,95.24,1,2026-10-01 00:00:00,2026-10-31 23:59:59,品牌推广专区,2
45301,20元博众电气品牌商品券,博众电气,26年10月品牌推广活动,92,100.0,20.0,20.0,1,2026-10-01 00:00:00,2026-10-31 23:59:59,品牌推广专区,2
45305,20元凯越翔品牌商品券,凯越翔,26年10月品牌推广活动,460,21.0,20.0,95.24,1,2026-10-01 00:00:00,2026-10-31 23:59:59,品牌推广专区,2
45311,20元晶力源品牌商品券,晶力源,26年10月品牌推广活动,450,21.0,20.0,95.24,1,2026-10-01 00:00:00,2026-10-31 23:59:59,品牌推广专区,2
45367,20元德尔创品牌商品券,德尔创,26年10月品牌推广活动,88,200.0,20.0,10.0,1,2026-10-01 00:00:00,2026-10-31 23:59:59,品牌推广专区,2
45378,20元海天芯品牌商品券,海天芯,26年10月品牌推广活动,93,100.0,20.0,20.0,1,2026-10-01 00:00:00,2026-10-31 23:59:59,品牌推广专区,2
45384,<品牌新人>20元元磁品牌商品券,元磁,26年10月品牌推广活动,239,21.0,20.0,95.24,1,2026-10-01 00:00:00,2026-10-31 23:59:59,品牌推广专区,2
45404,20元集电通品牌商品券,集电通,26年10月品牌推广活动,497,21.0,20.0,95.24,1,2026-10-01 00:00:00,2026-10-31 23:59:59,品牌推广专区,2
45416,20元佑驰品牌商品券,佑驰,26年10月品牌推广活动,472,21.0,20.0,95.24,1,2026-10-01 00:00:00,2026-10-31 23:59:59,品牌推广专区,2
45434,<品牌新人>20元美铼品牌商品券,美铼,26年10月品牌推广活动,216,21.0,20.0,95.24,1,2026-10-01 00:00:00,2026-10-31 23:59:59,品牌推广专区,2
45452,20元MPS品牌商品券,芯源,26年10月品牌推广活动,100,100.0,20.0,20.0,1,2026-10-01 00:00:00,2026-10-31 23:59:59,品牌推广专区,2
45458,20元比诺星品牌商品券,比诺星,26年10月品牌推广活动,439,21.0,20.0,95.24,1,2026-10-01 00:00:00,2026-10-31 23:59:59,品牌推广专区,2
45486,20元连线电子品牌商品券,连线电子,26年10月品牌推广活动,429,21.0,20.0,95.24,1,2026-10-01 00:00:00,2026-10-31 23:59:59,品牌推广专区,2
45494,20元首韩品牌商品券,首韩,26年10月品牌推广活动,705,21.0,20.0,95.24,1,2026-10-01 00:00:00,2026-10-31 23:59:59,品牌推广专区,2
45501,20元国硅集成品牌商品券,国硅集成,26年10月品牌推广活动,94,200.0,20.0,10.0,1,2026-10-01 00:00:00,2026-10-31 23:59:59,品牌推广专区,2
45504,20元宇文发品牌商品券,宇文发,26年10月品牌推广活动,451,21.0,20.0,95.24,1,2026-10-01 00:00:00,2026-10-31 23:59:59,品牌推广专区,2
45519,20元微尔品牌商品券,微尔,26年10月品牌推广活动,442,21.0,20.0,95.24,1,2026-10-01 00:00:00,2026-10-31 23:59:59,品牌推广专区,2
45562,20元今凯品牌商品券,今凯,26年10月品牌推广活动,79,200.0,20.0,10.0,1,2026-10-01 00:00:00,2026-10-31 23:59:59,品牌推广专区,2
45574,20元高芯电子品牌商品券,高芯电子,26年10月品牌推广活动,462,21.0,20.0,95.24,1,2026-10-01 00:00:00,2026-10-31 23:59:59,品牌推广专区,2
45587,20元固电品牌商品券,固电,26年10月品牌推广活动,81,100.0,20.0,20.0,1,2026-10-01 00:00:00,2026-10-31 23:59:59,品牌推广专区,2
45595,20元合科泰品牌商品券,合科泰,26年10月品牌推广活动,79,200.0,20.0,10.0,1,2026-10-01 00:00:00,2026-10-31 23:59:59,品牌推广专区,2
45596,<品牌新人>20元荣誉品牌商品券,荣誉,26年10月品牌推广活动,145,21.0,20.0,95.24,1,2026-10-01 00:00:00,2026-10-31 23:59:59,品牌推广专区,2
45599,20元华昕品牌商品券,华昕,26年10月品牌推广活动,73,200.0,20.0,10.0,1,2026-10-01 00:00:00,2026-10-31 23:59:59,品牌推广专区,2
45602,20元文章济美品牌商品券,文章济美,26年10月品牌推广活动,74,200.0,20.0,10.0,1,2026-10-01 00:00:00,2026-10-31 23:59:59,品牌推广专区,2
45613,20元聚兴泰品牌商品券,聚兴泰,26年10月品牌推广活动,76,100.0,20.0,20.0,1,2026-10-01 00:00:00,2026-10-31 23:59:59,品牌推广专区,2
45615,20元鲁晶品牌商品券,鲁晶,26年10月品牌推广活动,74,100.0,20.0,20.0,1,2026-10-01 00:00:00,2026-10-31 23:59:59,品牌推广专区,2
45625,20元美华品牌商品券,美华,26年10月品牌推广活动,73,200.0,20.0,10.0,1,2026-10-01 00:00:00,2026-10-31 23:59:59,品牌推广专区,2
45637,20元正芯半导体品牌商品券,正芯半导体,26年10月品牌推广活动,71,500.0,20.0,4.0,1,2026-10-01 00:00:00,2026-10-31 23:59:59,品牌推广专区,2
45647,20元洺太电子品牌商品券,洺太电子,26年10月品牌推广活动,73,100.0,20.0,20.0,1,2026-10-01 00:00:00,2026-10-31 23:59:59,品牌推广专区,2
45655,20元微硕品牌指定类目商品券,微硕,26年10月品牌推广活动,494,21.0,20.0,95.24,1,2026-10-01 00:00:00,2026-10-31 23:59:59,品牌推广专区,2
45670,20元增益品牌商品券,增益,26年10月品牌推广活动,78,200.0,20.0,10.0,1,2026-10-01 00:00:00,2026-10-31 23:59:59,品牌推广专区,2
45673,20元康深品牌商品券,康深,26年10月品牌推广活动,78,200.0,20.0,10.0,1,2026-10-01 00:00:00,2026-10-31 23:59:59,品牌推广专区,2
45703,20元温达电子品牌商品券,温达电子,26年10月品牌推广活动,441,21.0,20.0,95.24,1,2026-10-01 00:00:00,2026-10-31 23:59:59,品牌推广专区,2
45708,20元台湾陆海品牌商品券,台湾陆海,26年10月品牌推广活动,456,21.0,20.0,95.24,1,2026-10-01 00:00:00,2026-10-31 23:59:59,品牌推广专区,2
45709,<品牌新人>20元宏嘉诚品牌商品券,宏嘉诚,26年10月品牌推广活动,138,21.0,20.0,95.24,1,2026-10-01 00:00:00,2026-10-31 23:59:59,品牌推广专区,2
45712,20元辛译品牌商品券,辛译,26年10月品牌推广活动,80,100.0,20.0,20.0,1,2026-10-01 00:00:00,2026-10-31 23:59:59,品牌推广专区,2
45715,20元恒连品牌商品券,恒连,26年10月品牌推广活动,75,200.0,20.0,10.0,1,2026-10-01 00:00:00,2026-10-31 23:59:59,品牌推广专区,2
45718,20元金誉品牌商品券,金誉,26年10月品牌推广活动,72,100.0,20.0,20.0,1,2026-10-01 00:00:00,2026-10-31 23:59:59,品牌推广专区,2
45725,20元KUU品牌商品券,KUU,26年10月品牌推广活动,78,200.0,20.0,10.0,1,2026-10-01 00:00:00,2026-10-31 23:59:59,品牌推广专区,2
45733,20元星通时频品牌商品券,星通时频,26年10月品牌推广活动,73,200.0,20.0,10.0,1,2026-10-01 00:00:00,2026-10-31 23:59:59,品牌推广专区,2
45745,20元德艺隆品牌商品券,德艺隆,26年10月品牌推广活动,75,200.0,20.0,10.0,1,2026-10-01 00:00:00,2026-10-31 23:59:59,品牌推广专区,2
45811,20元康宏电子品牌商品券,康宏电子,26年10月品牌推广活动,450,21.0,20.0,95.24,1,2026-10-01 00:00:00,2026-10-31 23:59:59,品牌推广专区,2
45833,20元伽盛品牌商品券,伽盛,26年10月品牌推广活动,77,100.0,20.0,20.0,1,2026-10-01 00:00:00,2026-10-31 23:59:59,品牌推广专区,2
45842,<品牌新人>20元正成品牌商品券,正成,26年10月品牌推广活动,296,21.0,20.0,95.24,1,2026-10-01 00:00:00,2026-10-31 23:59:59,品牌推广专区,2
45843,20元正成品牌商品券,正成,26年10月品牌推广活动,78,300.0,20.0,6.67,1,2026-10-01 00:00:00,2026-10-31 23:59:59,品牌推广专区,2
44969,15元欧密格光电品牌商品券,欧密格光电,26年10月品牌推广活动,171,20.0,15.0,75.0,1,2026-10-01 00:00:00,2026-10-31 23:59:59,品牌推广专区,2
44971,15元奥特品牌商品券,奥特,26年10月品牌推广活动,451,16.0,15.0,93.75,1,2026-10-01 00:00:00,2026-10-31 23:59:59,品牌推广专区,2
44977,15元方成品牌商品券,方成,26年10月品牌推广活动,92,100.0,15.0,15.0,1,2026-10-01 00:00:00,2026-10-31 23:59:59,品牌推广专区,2
44979,15元恒拓电子品牌商品券,恒拓电子,26年10月品牌推广活动,176,20.0,15.0,75.0,1,2026-10-01 00:00:00,2026-10-31 23:59:59,品牌推广专区,2
44981,<品牌新人>15元健特品牌商品券,健特,26年10月品牌推广活动,261,16.0,15.0,93.75,1,2026-10-01 00:00:00,2026-10-31 23:59:59,品牌推广专区,2
44983,15元杰盛微品牌商品券,杰盛微,26年10月品牌推广活动,743,16.0,15.0,93.75,1,2026-10-01 00:00:00,2026-10-31 23:59:59,品牌推广专区,2
44985,15元钜兴品牌商品券,钜兴,26年10月品牌推广活动,453,16.0,15.0,93.75,1,2026-10-01 00:00:00,2026-10-31 23:59:59,品牌推广专区,2
44987,15元瓴科微品牌商品券,瓴科微,26年10月品牌推广活动,121,30.0,15.0,50.0,1,2026-10-01 00:00:00,2026-10-31 23:59:59,品牌推广专区,2
44991,15元纽航品牌商品券,纽航,26年10月品牌推广活动,444,16.0,15.0,93.75,1,2026-10-01 00:00:00,2026-10-31 23:59:59,品牌推广专区,2
44993,15元欧思科品牌商品券,欧思科,26年10月品牌推广活动,219,16.0,15.0,93.75,1,2026-10-01 00:00:00,2026-10-31 23:59:59,品牌推广专区,2
44996,<品牌新人>15元时科品牌商品券,时科,26年10月品牌推广活动,194,16.0,15.0,93.75,1,2026-10-01 00:00:00,2026-10-31 23:59:59,品牌推广专区,2
45005,15元矽普品牌商品券,矽普,26年10月品牌推广活动,514,16.0,15.0,93.75,1,2026-10-01 00:00:00,2026-10-31 23:59:59,品牌推广专区,2
45007,<品牌新人>15元森美特品牌商品券,森美特,26年10月品牌推广活动,232,16.0,15.0,93.75,1,2026-10-01 00:00:00,2026-10-31 23:59:59,品牌推广专区,2
45009,15元台冠电子品牌商品券,台冠电子,26年10月品牌推广活动,418,16.0,15.0,93.75,1,2026-10-01 00:00:00,2026-10-31 23:59:59,品牌推广专区,2
45011,15元统佳品牌商品券,统佳,26年10月品牌推广活动,423,16.0,15.0,93.75,1,2026-10-01 00:00:00,2026-10-31 23:59:59,品牌推广专区,2
45014,15元拓展光电品牌商品券,拓展光电,26年10月品牌推广活动,494,16.0,15.0,93.75,1,2026-10-01 00:00:00,2026-10-31 23:59:59,品牌推广专区,2
45016,15元成兴光品牌商品券,成兴光,26年10月品牌推广活动,581,16.0,15.0,93.75,1,2026-10-01 00:00:00,2026-10-31 23:59:59,品牌推广专区,2
45019,<品牌新人>15元佑风微品牌商品券,佑风微,26年10月品牌推广活动,204,16.0,15.0,93.75,1,2026-10-01 00:00:00,2026-10-31 23:59:59,品牌推广专区,2
45021,<品牌新人>15元益嘉源品牌商品券,益嘉源,26年10月品牌推广活动,223,16.0,15.0,93.75,1,2026-10-01 00:00:00,2026-10-31 23:59:59,品牌推广专区,2
45033,<品牌新人>15元迈翔科技品牌商品券,迈翔科技,26年10月品牌推广活动,259,16.0,15.0,93.75,1,2026-10-01 00:00:00,2026-10-31 23:59:59,品牌推广专区,2
45034,15元经纬达品牌商品券,经纬达,26年10月品牌推广活动,116,30.0,15.0,50.0,1,2026-10-01 00:00:00,2026-10-31 23:59:59,品牌推广专区,2
45035,15元米高莱品牌商品券,米高莱,26年10月品牌推广活动,157,20.0,15.0,75.0,1,2026-10-01 00:00:00,2026-10-31 23:59:59,品牌推广专区,2
45036,15元尼博星品牌商品券,尼博星,26年10月品牌推广活动,417,16.0,15.0,93.75,1,2026-10-01 00:00:00,2026-10-31 23:59:59,品牌推广专区,2
45041,15元QLRELAY品牌商品券,QLRELAY,26年10月品牌推广活动,169,20.0,15.0,75.0,1,2026-10-01 00:00:00,2026-10-31 23:59:59,品牌推广专区,2
45047,15元赛卓品牌商品券,赛卓,26年10月品牌推广活动,138,23.0,15.0,65.22,1,2026-10-01 00:00:00,2026-10-31 23:59:59,品牌推广专区,2
45048,15元硅传科技品牌商品券,硅传科技,26年10月品牌推广活动,115,30.0,15.0,50.0,1,2026-10-01 00:00:00,2026-10-31 23:59:59,品牌推广专区,2
45060,15元德律风根品牌商品券,德律风根,26年10月品牌推广活动,391,16.0,15.0,93.75,1,2026-10-01 00:00:00,2026-10-31 23:59:59,品牌推广专区,2
45061,15元泰晶品牌商品券,泰晶,26年10月品牌推广活动,404,16.0,15.0,93.75,1,2026-10-01 00:00:00,2026-10-31 23:59:59,品牌推广专区,2
45089,15元天源品牌商品券,天源,26年10月品牌推广活动,414,16.0,15.0,93.75,1,2026-10-01 00:00:00,2026-10-31 23:59:59,品牌推广专区,2
45090,15元旭茂微品牌商品券,旭茂微,26年10月品牌推广活动,425,16.0,15.0,93.75,1,2026-10-01 00:00:00,2026-10-31 23:59:59,品牌推广专区,2
45091,15元友贸品牌商品券,友贸,26年10月品牌推广活动,395,16.0,15.0,93.75,1,2026-10-01 00:00:00,2026-10-31 23:59:59,品牌推广专区,2
45159,15元米朗电子品牌商品券,米朗电子,26年10月品牌推广活动,462,16.0,15.0,93.75,1,2026-10-01 00:00:00,2026-10-31 23:59:59,品牌推广专区,2
45161,15元旌芯半导体品牌商品券,旌芯半导体,26年10月品牌推广活动,413,16.0,15.0,93.75,1,2026-10-01 00:00:00,2026-10-31 23:59:59,品牌推广专区,2
45163,15元桂光光电品牌商品券,桂光光电,26年10月品牌推广活动,488,16.0,15.0,93.75,1,2026-10-01 00:00:00,2026-10-31 23:59:59,品牌推广专区,2
45165,15元和佳品牌商品券,和佳,26年10月品牌推广活动,395,16.0,15.0,93.75,1,2026-10-01 00:00:00,2026-10-31 23:59:59,品牌推广专区,2
45167,15元陆特品牌商品券,陆特,26年10月品牌推广活动,434,16.0,15.0,93.75,1,2026-10-01 00:00:00,2026-10-31 23:59:59,品牌推广专区,2
45170,15元开步睿思品牌指定类目商品券,开步睿思,26年10月品牌推广活动,450,16.0,15.0,93.75,1,2026-10-01 00:00:00,2026-10-31 23:59:59,品牌推广专区,2
45171,15元瑞鑫品牌商品券,瑞鑫,26年10月品牌推广活动,386,16.0,15.0,93.75,1,2026-10-01 00:00:00,2026-10-31 23:59:59,品牌推广专区,2
45173,15元业展品牌商品券,业展,26年10月品牌推广活动,472,16.0,15.0,93.75,1,2026-10-01 00:00:00,2026-10-31 23:59:59,品牌推广专区,2
45175,<品牌新人>15元国星光电品牌商品券,国星光电,26年10月品牌推广活动,194,16.0,15.0,93.75,1,2026-10-01 00:00:00,2026-10-31 23:59:59,品牌推广专区,2
45177,15元芯涛微品牌商品券,芯涛微,26年10月品牌推广活动,394,16.0,15.0,93.75,1,2026-10-01 00:00:00,2026-10-31 23:59:59,品牌推广专区,2
45178,15元晁禾品牌商品券,晁禾,26年10月品牌推广活动,399,16.0,15.0,93.75,1,2026-10-01 00:00:00,2026-10-31 23:59:59,品牌推广专区,2
45179,<品牌新人>15元华瓷品牌商品券,华瓷,26年10月品牌推广活动,182,16.0,15.0,93.75,1,2026-10-01 00:00:00,2026-10-31 23:59:59,品牌推广专区,2
45180,<品牌新人>15元芯声品牌商品券,芯声,26年10月品牌推广活动,161,16.0,15.0,93.75,1,2026-10-01 00:00:00,2026-10-31 23:59:59,品牌推广专区,2
45181,15元晶创和立品牌商品券,晶创和立,26年10月品牌推广活动,409,16.0,15.0,93.75,1,2026-10-01 00:00:00,2026-10-31 23:59:59,品牌推广专区,2
45182,15元上海矽朋品牌商品券,上海矽朋,26年10月品牌推广活动,446,16.0,15.0,93.75,1,2026-10-01 00:00:00,2026-10-31 23:59:59,品牌推广专区,2
45237,15元国连品牌商品券,国连,26年10月品牌推广活动,396,16.0,15.0,93.75,1,2026-10-01 00:00:00,2026-10-31 23:59:59,品牌推广专区,2
45243,15元德利品牌商品券,德利,26年10月品牌推广活动,173,20.0,15.0,75.0,1,2026-10-01 00:00:00,2026-10-31 23:59:59,品牌推广专区,2
45247,15元富隆电子品牌商品券,富隆电子,26年10月品牌推广活动,457,16.0,15.0,93.75,1,2026-10-01 00:00:00,2026-10-31 23:59:59,品牌推广专区,2
45248,15元品赞品牌商品券,品赞,26年10月品牌推广活动,499,16.0,15.0,93.75,1,2026-10-01 00:00:00,2026-10-31 23:59:59,品牌推广专区,2
45254,<品牌新人>15元康奈克斯电气品牌商品券,康奈克斯电气,26年10月品牌推广活动,221,16.0,15.0,93.75,1,2026-10-01 00:00:00,2026-10-31 23:59:59,品牌推广专区,2
45256,15元蓝图微电品牌商品券,蓝图微电,26年10月品牌推广活动,403,16.0,15.0,93.75,1,2026-10-01 00:00:00,2026-10-31 23:59:59,品牌推广专区,2
45260,15元鲁光品牌商品券,鲁光,26年10月品牌推广活动,468,16.0,15.0,93.75,1,2026-10-01 00:00:00,2026-10-31 23:59:59,品牌推广专区,2
45262,<品牌新人>15元毫欧品牌商品券,毫欧,26年10月品牌推广活动,117,16.0,15.0,93.75,1,2026-10-01 00:00:00,2026-10-31 23:59:59,品牌推广专区,2
45264,15元瑞申电子品牌商品券,瑞申电子,26年10月品牌推广活动,170,20.0,15.0,75.0,1,2026-10-01 00:00:00,2026-10-31 23:59:59,品牌推广专区,2
45267,15元圣融达品牌商品券,圣融达,26年10月品牌推广活动,408,16.0,15.0,93.75,1,2026-10-01 00:00:00,2026-10-31 23:59:59,品牌推广专区,2
45268,15元顺翔诺品牌商品券,顺翔诺,26年10月品牌推广活动,466,16.0,15.0,93.75,1,2026-10-01 00:00:00,2026-10-31 23:59:59,品牌推广专区,2
45270,15元讯普品牌商品券,讯普,26年10月品牌推广活动,559,16.0,15.0,93.75,1,2026-10-01 00:00:00,2026-10-31 23:59:59,品牌推广专区,2
45272,<品牌新人>15元兴华鑫品牌商品券,兴华鑫,26年10月品牌推广活动,183,16.0,15.0,93.75,1,2026-10-01 00:00:00,2026-10-31 23:59:59,品牌推广专区,2
45273,<品牌新人>15元同晶品牌指定类目商品券,同晶,26年10月品牌推广活动,232,16.0,15.0,93.75,1,2026-10-01 00:00:00,2026-10-31 23:59:59,品牌推广专区,2
45274,15元宝讯品牌商品券,宝讯,26年10月品牌推广活动,440,16.0,15.0,93.75,1,2026-10-01 00:00:00,2026-10-31 23:59:59,品牌推广专区,2
45278,<品牌新人>15元华宇创品牌商品券,华宇创,26年10月品牌推广活动,196,16.0,15.0,93.75,1,2026-10-01 00:00:00,2026-10-31 23:59:59,品牌推广专区,2
45280,15元致哲品牌商品券,致哲,26年10月品牌推广活动,117,50.0,15.0,30.0,1,2026-10-01 00:00:00,2026-10-31 23:59:59,品牌推广专区,2
45288,15元杜因特品牌商品券,杜因特,26年10月品牌推广活动,494,16.0,15.0,93.75,1,2026-10-01 00:00:00,2026-10-31 23:59:59,品牌推广专区,2
45290,15元固得沃克品牌商品券,固得沃克,26年10月品牌推广活动,575,16.0,15.0,93.75,1,2026-10-01 00:00:00,2026-10-31 23:59:59,品牌推广专区,2
45293,15元瀚源品牌商品券,瀚源,26年10月品牌推广活动,561,16.0,15.0,93.75,1,2026-10-01 00:00:00,2026-10-31 23:59:59,品牌推广专区,2
45294,15元金航标品牌商品券,金航标,26年10月品牌推广活动,514,16.0,15.0,93.75,1,2026-10-01 00:00:00,2026-10-31 23:59:59,品牌推广专区,2
45296,15元美禄科技品牌商品券,美禄科技,26年10月品牌推广活动,443,16.0,15.0,93.75,1,2026-10-01 00:00:00,2026-10-31 23:59:59,品牌推广专区,2
45297,15元皓通品牌商品券,皓通,26年10月品牌推广活动,381,16.0,15.0,93.75,1,2026-10-01 00:00:00,2026-10-31 23:59:59,品牌推广专区,2
45298,15元迈旭品牌商品券,迈旭,26年10月品牌推广活动,421,16.0,15.0,93.75,1,2026-10-01 00:00:00,2026-10-31 23:59:59,品牌推广专区,2
45299,<品牌新人>15元扬兴晶振品牌商品券,扬兴晶振,26年10月品牌推广活动,188,16.0,15.0,93.75,1,2026-10-01 00:00:00,2026-10-31 23:59:59,品牌推广专区,2
45302,15元维尔乐思品牌商品券,维尔乐思,26年10月品牌推广活动,160,20.0,15.0,75.0,1,2026-10-01 00:00:00,2026-10-31 23:59:59,品牌推广专区,2
45303,15元众迪品牌商品券,众迪,26年10月品牌推广活动,377,16.0,15.0,93.75,1,2026-10-01 00:00:00,2026-10-31 23:59:59,品牌推广专区,2
45304,15元索斯特品牌商品券,索斯特,26年10月品牌推广活动,381,16.0,15.0,93.75,1,2026-10-01 00:00:00,2026-10-31 23:59:59,品牌推广专区,2
45307,15元灵星芯微品牌商品券,灵星芯微,26年10月品牌推广活动,473,16.0,15.0,93.75,1,2026-10-01 00:00:00,2026-10-31 23:59:59,品牌推广专区,2
45313,<商城新人>15元南京国微品牌商品券,南京国微,26年10月品牌推广活动,13,20.0,15.0,75.0,1,2026-10-01 00:00:00,2026-10-31 23:59:59,品牌推广专区,2
45314,15元创捷品牌商品券,创捷,26年10月品牌推广活动,401,16.0,15.0,93.75,1,2026-10-01 00:00:00,2026-10-31 23:59:59,品牌推广专区,2
45362,15元鼎容品牌商品券,鼎容,26年10月品牌推广活动,398,16.0,15.0,93.75,1,2026-10-01 00:00:00,2026-10-31 23:59:59,品牌推广专区,2
45364,<品牌新人>15元长江微电品牌商品券,长江微电,26年10月品牌推广活动,168,16.0,15.0,93.75,1,2026-10-01 00:00:00,2026-10-31 23:59:59,品牌推广专区,2
45366,15元德尔创品牌商品券,德尔创,26年10月品牌推广活动,426,16.0,15.0,93.75,1,2026-10-01 00:00:00,2026-10-31 23:59:59,品牌推广专区,2
45368,15元振宝佳品牌商品券,振宝佳,26年10月品牌推广活动,454,16.0,15.0,93.75,1,2026-10-01 00:00:00,2026-10-31 23:59:59,品牌推广专区,2
45370,15元富港品牌商品券,富港,26年10月品牌推广活动,432,16.0,15.0,93.75,1,2026-10-01 00:00:00,2026-10-31 23:59:59,品牌推广专区,2
45372,15元富捷品牌商品券,富捷,26年10月品牌推广活动,381,20.0,15.0,75.0,1,2026-10-01 00:00:00,2026-10-31 23:59:59,品牌推广专区,2
45374,15元富信品牌商品券,富捷/富信,26年10月品牌推广活动,466,16.0,15.0,93.75,1,2026-10-01 00:00:00,2026-10-31 23:59:59,品牌推广专区,2
45376,15元韩下品牌商品券,韩下,26年10月品牌推广活动,551,16.0,15.0,93.75,1,2026-10-01 00:00:00,2026-10-31 23:59:59,品牌推广专区,2
45379,15元海天芯品牌商品券,海天芯,26年10月品牌推广活动,487,16.0,15.0,93.75,1,2026-10-01 00:00:00,2026-10-31 23:59:59,品牌推广专区,2
45380,<品牌新人>15元华宇品牌商品券,华宇,26年10月品牌推广活动,207,16.0,15.0,93.75,1,2026-10-01 00:00:00,2026-10-31 23:59:59,品牌推广专区,2
45382,15元安芯微半导体品牌商品券,安芯微半导体,26年10月品牌推广活动,397,16.0,15.0,93.75,1,2026-10-01 00:00:00,2026-10-31 23:59:59,品牌推广专区,2
45386,15元容强品牌商品券,容强,26年10月品牌推广活动,192,20.0,15.0,75.0,1,2026-10-01 00:00:00,2026-10-31 23:59:59,品牌推广专区,2
45389,15元SM Switch品牌商品券,SM Switch,26年10月品牌推广活动,398,16.0,15.0,93.75,1,2026-10-01 00:00:00,2026-10-31 23:59:59,品牌推广专区,2
45390,15元松田品牌商品券,松田,26年10月品牌推广活动,437,16.0,15.0,93.75,1,2026-10-01 00:00:00,2026-10-31 23:59:59,品牌推广专区,2
45394,15元伟烽品牌商品券,伟烽,26年10月品牌推广活动,387,16.0,15.0,93.75,1,2026-10-01 00:00:00,2026-10-31 23:59:59,品牌推广专区,2
45396,15元黄宝石品牌商品券,黄宝石,26年10月品牌推广活动,472,16.0,15.0,93.75,1,2026-10-01 00:00:00,2026-10-31 23:59:59,品牌推广专区,2
45397,<品牌新人>15元长泰尔电子品牌商品券,长泰尔电子,26年10月品牌推广活动,111,20.0,15.0,75.0,1,2026-10-01 00:00:00,2026-10-31 23:59:59,品牌推广专区,2
45398,15元芯控源品牌商品券,芯控源,26年10月品牌推广活动,133,50.0,15.0,30.0,1,2026-10-01 00:00:00,2026-10-31 23:59:59,品牌推广专区,2
45400,15元驰兴电感品牌商品券,驰兴电感,26年10月品牌推广活动,448,16.0,15.0,93.75,1,2026-10-01 00:00:00,2026-10-31 23:59:59,品牌推广专区,2
45402,15元德旭电子品牌商品券,德旭电子,26年10月品牌推广活动,390,16.0,15.0,93.75,1,2026-10-01 00:00:00,2026-10-31 23:59:59,品牌推广专区,2
45406,15元里阳半导体品牌商品券,里阳半导体,26年10月品牌推广活动,411,16.0,15.0,93.75,1,2026-10-01 00:00:00,2026-10-31 23:59:59,品牌推广专区,2
45408,15元思大品牌商品券,思大,26年10月品牌推广活动,383,16.0,15.0,93.75,1,2026-10-01 00:00:00,2026-10-31 23:59:59,品牌推广专区,2
45411,15元台舟品牌商品券,台舟,26年10月品牌推广活动,605,16.0,15.0,93.75,1,2026-10-01 00:00:00,2026-10-31 23:59:59,品牌推广专区,2
45413,<品牌新人>15元信安品牌商品券,信安,26年10月品牌推广活动,251,16.0,15.0,93.75,1,2026-10-01 00:00:00,2026-10-31 23:59:59,品牌推广专区,2
45414,15元迪嘉品牌商品券,迪嘉,26年10月品牌推广活动,474,16.0,15.0,93.75,1,2026-10-01 00:00:00,2026-10-31 23:59:59,品牌推广专区,2
45418,15元志得品牌商品券,志得,26年10月品牌推广活动,165,20.0,15.0,75.0,1,2026-10-01 00:00:00,2026-10-31 23:59:59,品牌推广专区,2
45420,15元韩国韩荣品牌商品券,韩国韩荣,26年10月品牌推广活动,466,16.0,15.0,93.75,1,2026-10-01 00:00:00,2026-10-31 23:59:59,品牌推广专区,2
45422,15元众驰电子品牌商品券,众驰电子,26年10月品牌推广活动,387,16.0,15.0,93.75,1,2026-10-01 00:00:00,2026-10-31 23:59:59,品牌推广专区,2
45424,15元创慧电子品牌商品券,创慧电子,26年10月品牌推广活动,496,16.0,15.0,93.75,1,2026-10-01 00:00:00,2026-10-31 23:59:59,品牌推广专区,2
45426,15元铭易轩品牌指定类目商品券,德立,26年10月品牌推广活动,386,16.0,15.0,93.75,1,2026-10-01 00:00:00,2026-10-31 23:59:59,品牌推广专区,2
45427,15元皋德科技品牌商品券,皋德科技,26年10月品牌推广活动,161,20.0,15.0,75.0,1,2026-10-01 00:00:00,2026-10-31 23:59:59,品牌推广专区,2
45428,15元云睿品牌商品券,云睿,26年10月品牌推广活动,423,16.0,15.0,93.75,1,2026-10-01 00:00:00,2026-10-31 23:59:59,品牌推广专区,2
45429,15元华橙熊猫品牌商品券,华橙熊猫,26年10月品牌推广活动,169,30.0,15.0,50.0,1,2026-10-01 00:00:00,2026-10-31 23:59:59,品牌推广专区,2
45430,15元晶泰达品牌商品券,晶泰达,26年10月品牌推广活动,383,16.0,15.0,93.75,1,2026-10-01 00:00:00,2026-10-31 23:59:59,品牌推广专区,2
45431,<品牌新人>15元万盛品牌商品券,万盛,26年10月品牌推广活动,241,16.0,15.0,93.75,1,2026-10-01 00:00:00,2026-10-31 23:59:59,品牌推广专区,2
45432,15元科或品牌商品券,科或,26年10月品牌推广活动,385,16.0,15.0,93.75,1,2026-10-01 00:00:00,2026-10-31 23:59:59,品牌推广专区,2
45433,15元朗瑞品牌商品券,朗瑞,26年10月品牌推广活动,388,16.0,15.0,93.75,1,2026-10-01 00:00:00,2026-10-31 23:59:59,品牌推广专区,2
45435,15元匠芯微品牌商品券,匠芯微,26年10月品牌推广活动,168,20.0,15.0,75.0,1,2026-10-01 00:00:00,2026-10-31 23:59:59,品牌推广专区,2
45436,15元台普品牌商品券,台普,26年10月品牌推广活动,394,16.0,15.0,93.75,1,2026-10-01 00:00:00,2026-10-31 23:59:59,品牌推广专区,2
45438,15元鑫扬泽品牌商品券,鑫扬泽,26年10月品牌推广活动,388,16.0,15.0,93.75,1,2026-10-01 00:00:00,2026-10-31 23:59:59,品牌推广专区,2
45439,15元欧芯品牌商品券,欧芯,26年10月品牌推广活动,121,100.0,15.0,15.0,1,2026-10-01 00:00:00,2026-10-31 23:59:59,品牌推广专区,2
45440,15元皇捷品牌商品券,皇捷,26年10月品牌推广活动,390,16.0,15.0,93.75,1,2026-10-01 00:00:00,2026-10-31 23:59:59,品牌推广专区,2
45441,<品牌新人>15元金比莱品牌商品券,金比莱,26年10月品牌推广活动,275,16.0,15.0,93.75,1,2026-10-01 00:00:00,2026-10-31 23:59:59,品牌推广专区,2
45449,15元加安电子品牌商品券,加安电子,26年10月品牌推广活动,374,16.0,15.0,93.75,1,2026-10-01 00:00:00,2026-10-31 23:59:59,品牌推广专区,2
45450,<品牌新人>15元立得品牌商品券,立得,26年10月品牌推广活动,250,16.0,15.0,93.75,1,2026-10-01 00:00:00,2026-10-31 23:59:59,品牌推广专区,2
45451,<品牌新人>15元MPS品牌商品券,芯源,26年10月品牌推广活动,249,16.0,15.0,93.75,1,2026-10-01 00:00:00,2026-10-31 23:59:59,品牌推广专区,2
45453,15元兆讯品牌商品券,兆讯,26年10月品牌推广活动,126,30.0,15.0,50.0,1,2026-10-01 00:00:00,2026-10-31 23:59:59,品牌推广专区,2
45461,<品牌新人>15元柯爱亚品牌商品券,柯爱亚,26年10月品牌推广活动,232,16.0,15.0,93.75,1,2026-10-01 00:00:00,2026-10-31 23:59:59,品牌推广专区,2
45463,15元中戈泰斗品牌商品券,中戈泰斗,26年10月品牌推广活动,372,16.0,15.0,93.75,1,2026-10-01 00:00:00,2026-10-31 23:59:59,品牌推广专区,2
45465,15元恩盛品牌商品券,恩盛,26年10月品牌推广活动,379,16.0,15.0,93.75,1,2026-10-01 00:00:00,2026-10-31 23:59:59,品牌推广专区,2
45467,15元乔光电子品牌商品券,乔光电子,26年10月品牌推广活动,125,30.0,15.0,50.0,1,2026-10-01 00:00:00,2026-10-31 23:59:59,品牌推广专区,2
45469,15元华德共创品牌商品券,华德共创,26年10月品牌推广活动,403,16.0,15.0,93.75,1,2026-10-01 00:00:00,2026-10-31 23:59:59,品牌推广专区,2
45471,15元恒利泰品牌商品券,恒利泰,26年10月品牌推广活动,413,16.0,15.0,93.75,1,2026-10-01 00:00:00,2026-10-31 23:59:59,品牌推广专区,2
45473,15元华明通品牌商品券,华明通,26年10月品牌推广活动,398,16.0,15.0,93.75,1,2026-10-01 00:00:00,2026-10-31 23:59:59,品牌推广专区,2
45476,<品牌新人>15元慧芯品牌商品券,慧芯,26年10月品牌推广活动,275,16.0,15.0,93.75,1,2026-10-01 00:00:00,2026-10-31 23:59:59,品牌推广专区,2
45478,<品牌新人>15元科尼盛品牌商品券,科尼盛,26年10月品牌推广活动,208,16.0,15.0,93.75,1,2026-10-01 00:00:00,2026-10-31 23:59:59,品牌推广专区,2
45480,15元雷卯电子品牌商品券,雷卯电子,26年10月品牌推广活动,383,16.0,15.0,93.75,1,2026-10-01 00:00:00,2026-10-31 23:59:59,品牌推广专区,2
45482,15元连盛品牌商品券,连盛,26年10月品牌推广活动,383,16.0,15.0,93.75,1,2026-10-01 00:00:00,2026-10-31 23:59:59,品牌推广专区,2
45484,15元领强品牌商品券,领强,26年10月品牌推广活动,372,16.0,15.0,93.75,1,2026-10-01 00:00:00,2026-10-31 23:59:59,品牌推广专区,2
45488,15元谱罗德品牌商品券,谱罗德,26年10月品牌推广活动,435,16.0,15.0,93.75,1,2026-10-01 00:00:00,2026-10-31 23:59:59,品牌推广专区,2
45491,15元瑞隆源品牌商品券,瑞隆源,26年10月品牌推广活动,422,16.0,15.0,93.75,1,2026-10-01 00:00:00,2026-10-31 23:59:59,品牌推广专区,2
45492,15元达普品牌商品券,达普,26年10月品牌推广活动,115,30.0,15.0,50.0,1,2026-10-01 00:00:00,2026-10-31 23:59:59,品牌推广专区,2
45496,15元冠显光电品牌商品券,冠显光电,26年10月品牌推广活动,109,100.0,15.0,15.0,1,2026-10-01 00:00:00,2026-10-31 23:59:59,品牌推广专区,2
45498,15元钍地半导体品牌商品券,钍地半导体,26年10月品牌推广活动,402,16.0,15.0,93.75,1,2026-10-01 00:00:00,2026-10-31 23:59:59,品牌推广专区,2
45500,15元国硅集成品牌商品券,国硅集成,26年10月品牌推广活动,392,16.0,15.0,93.75,1,2026-10-01 00:00:00,2026-10-31 23:59:59,品牌推广专区,2
45502,15元中国星坤品牌商品券,中国星坤,26年10月品牌推广活动,558,16.0,15.0,93.75,1,2026-10-01 00:00:00,2026-10-31 23:59:59,品牌推广专区,2
45507,<品牌新人>15元晶扬电子品牌商品券,晶扬电子,26年10月品牌推广活动,224,16.0,15.0,93.75,1,2026-10-01 00:00:00,2026-10-31 23:59:59,品牌推广专区,2
45508,15元精拓金品牌商品券,精拓金,26年10月品牌推广活动,412,16.0,15.0,93.75,1,2026-10-01 00:00:00,2026-10-31 23:59:59,品牌推广专区,2
45510,15元钿威科技品牌商品券,钿威科技,26年10月品牌推广活动,364,16.0,15.0,93.75,1,2026-10-01 00:00:00,2026-10-31 23:59:59,品牌推广专区,2
45511,15元四方杰芯品牌商品券,四方杰芯,26年10月品牌推广活动,393,16.0,15.0,93.75,1,2026-10-01 00:00:00,2026-10-31 23:59:59,品牌推广专区,2
45512,15元辉焕品牌商品券,辉焕,26年10月品牌推广活动,366,16.0,15.0,93.75,1,2026-10-01 00:00:00,2026-10-31 23:59:59,品牌推广专区,2
45513,15元鸿瑞凯电子品牌商品券,鸿瑞凯电子,26年10月品牌推广活动,441,16.0,15.0,93.75,1,2026-10-01 00:00:00,2026-10-31 23:59:59,品牌推广专区,2
45514,15元键富品牌商品券,键富,26年10月品牌推广活动,380,16.0,15.0,93.75,1,2026-10-01 00:00:00,2026-10-31 23:59:59,品牌推广专区,2
45516,15元联晟欣品牌商品券,联晟欣,26年10月品牌推广活动,391,16.0,15.0,93.75,1,2026-10-01 00:00:00,2026-10-31 23:59:59,品牌推广专区,2
45517,15元容硕品牌商品券,容硕,26年10月品牌推广活动,371,16.0,15.0,93.75,1,2026-10-01 00:00:00,2026-10-31 23:59:59,品牌推广专区,2
45518,15元深海电子品牌商品券,深海电子,26年10月品牌推广活动,372,16.0,15.0,93.75,1,2026-10-01 00:00:00,2026-10-31 23:59:59,品牌推广专区,2
45520,15元worldsemi品牌商品券,worldsemi,26年10月品牌推广活动,434,16.0,15.0,93.75,1,2026-10-01 00:00:00,2026-10-31 23:59:59,品牌推广专区,2
45521,15元海芯电子品牌商品券,海芯电子,26年10月品牌推广活动,128,30.0,15.0,50.0,1,2026-10-01 00:00:00,2026-10-31 23:59:59,品牌推广专区,2
45547,15元安邦品牌商品券,安邦,26年10月品牌推广活动,392,16.0,15.0,93.75,1,2026-10-01 00:00:00,2026-10-31 23:59:59,品牌推广专区,2
45549,15元爱普微品牌商品券,爱普微,26年10月品牌推广活动,463,16.0,15.0,93.75,1,2026-10-01 00:00:00,2026-10-31 23:59:59,品牌推广专区,2
45551,15元宝乘品牌商品券,宝乘,26年10月品牌推广活动,406,16.0,15.0,93.75,1,2026-10-01 00:00:00,2026-10-31 23:59:59,品牌推广专区,2
45553,15元蝙蝠无线品牌商品券,蝙蝠无线,26年10月品牌推广活动,432,16.0,15.0,93.75,1,2026-10-01 00:00:00,2026-10-31 23:59:59,品牌推广专区,2
45555,15元佰宏品牌商品券,佰宏,26年10月品牌推广活动,414,16.0,15.0,93.75,1,2026-10-01 00:00:00,2026-10-31 23:59:59,品牌推广专区,2
45558,<品牌新人>15元伯恩半导体品牌商品券,伯恩半导体,26年10月品牌推广活动,192,16.0,15.0,93.75,1,2026-10-01 00:00:00,2026-10-31 23:59:59,品牌推广专区,2
45559,15元博锡品牌商品券,博锡,26年10月品牌推广活动,422,16.0,15.0,93.75,1,2026-10-01 00:00:00,2026-10-31 23:59:59,品牌推广专区,2
45561,15元今凯品牌商品券,今凯,26年10月品牌推广活动,373,16.0,15.0,93.75,1,2026-10-01 00:00:00,2026-10-31 23:59:59,品牌推广专区,2
45563,<品牌新人>15元灿科盟品牌商品券,灿科盟,26年10月品牌推广活动,198,16.0,15.0,93.75,1,2026-10-01 00:00:00,2026-10-31 23:59:59,品牌推广专区,2
45565,15元长兴品牌商品券,长兴,26年10月品牌推广活动,171,20.0,15.0,75.0,1,2026-10-01 00:00:00,2026-10-31 23:59:59,品牌推广专区,2
45568,15元长运通品牌商品券,长运通,26年10月品牌推广活动,365,16.0,15.0,93.75,1,2026-10-01 00:00:00,2026-10-31 23:59:59,品牌推广专区,2
45571,15元地博电气品牌商品券,地博电气,26年10月品牌推广活动,461,16.0,15.0,93.75,1,2026-10-01 00:00:00,2026-10-31 23:59:59,品牌推广专区,2
45572,15元静芯品牌商品券,静芯,26年10月品牌推广活动,487,16.0,15.0,93.75,1,2026-10-01 00:00:00,2026-10-31 23:59:59,品牌推广专区,2
45577,15元富芯森美品牌商品券,富芯森美,26年10月品牌推广活动,465,16.0,15.0,93.75,1,2026-10-01 00:00:00,2026-10-31 23:59:59,品牌推广专区,2
45580,15元绿微品牌商品券,绿微,26年10月品牌推广活动,455,16.0,15.0,93.75,1,2026-10-01 00:00:00,2026-10-31 23:59:59,品牌推广专区,2
45582,15元国睿品牌商品券,国睿,26年10月品牌推广活动,411,16.0,15.0,93.75,1,2026-10-01 00:00:00,2026-10-31 23:59:59,品牌推广专区,2
45586,15元固电品牌商品券,固电,26年10月品牌推广活动,394,16.0,15.0,93.75,1,2026-10-01 00:00:00,2026-10-31 23:59:59,品牌推广专区,2
45588,15元赫尔半导体品牌商品券,赫尔半导体,26年10月品牌推广活动,401,16.0,15.0,93.75,1,2026-10-01 00:00:00,2026-10-31 23:59:59,品牌推广专区,2
45590,<品牌新人>15元禾芯微品牌商品券,禾芯微,26年10月品牌推广活动,270,16.0,15.0,93.75,1,2026-10-01 00:00:00,2026-10-31 23:59:59,品牌推广专区,2
45592,<品牌新人>15元航顺品牌商品券,航顺,26年10月品牌推广活动,287,16.0,15.0,93.75,1,2026-10-01 00:00:00,2026-10-31 23:59:59,品牌推广专区,2
45594,15元合科泰品牌商品券,合科泰,26年10月品牌推广活动,483,16.0,15.0,93.75,1,2026-10-01 00:00:00,2026-10-31 23:59:59,品牌推广专区,2
45598,15元华昕品牌商品券,华昕,26年10月品牌推广活动,382,16.0,15.0,93.75,1,2026-10-01 00:00:00,2026-10-31 23:59:59,品牌推广专区,2
45601,15元鸿源精密品牌商品券,鸿源精密,26年10月品牌推广活动,380,16.0,15.0,93.75,1,2026-10-01 00:00:00,2026-10-31 23:59:59,品牌推广专区,2
45603,15元文章济美品牌商品券,文章济美,26年10月品牌推广活动,375,16.0,15.0,93.75,1,2026-10-01 00:00:00,2026-10-31 23:59:59,品牌推广专区,2
45604,15元强生光电品牌商品券,强生光电,26年10月品牌推广活动,420,16.0,15.0,93.75,1,2026-10-01 00:00:00,2026-10-31 23:59:59,品牌推广专区,2
45606,15元钜硕电子品牌商品券,钜硕电子,26年10月品牌推广活动,411,16.0,15.0,93.75,1,2026-10-01 00:00:00,2026-10-31 23:59:59,品牌推广专区,2
45612,15元聚兴泰品牌商品券,聚兴泰,26年10月品牌推广活动,443,16.0,15.0,93.75,1,2026-10-01 00:00:00,2026-10-31 23:59:59,品牌推广专区,2
45614,15元鲁晶品牌商品券,鲁晶,26年10月品牌推广活动,400,16.0,15.0,93.75,1,2026-10-01 00:00:00,2026-10-31 23:59:59,品牌推广专区,2
45617,<品牌新人>15元连欣科技品牌商品券,连欣科技,26年10月品牌推广活动,229,16.0,15.0,93.75,1,2026-10-01 00:00:00,2026-10-31 23:59:59,品牌推广专区,2
45618,15元连兴旺电子品牌商品券,连兴旺电子,26年10月品牌推广活动,400,16.0,15.0,93.75,1,2026-10-01 00:00:00,2026-10-31 23:59:59,品牌推广专区,2
45621,15元兆星品牌商品券,兆星,26年10月品牌推广活动,482,16.0,15.0,93.75,1,2026-10-01 00:00:00,2026-10-31 23:59:59,品牌推广专区,2
45624,15元美华品牌商品券,美华,26年10月品牌推广活动,402,16.0,15.0,93.75,1,2026-10-01 00:00:00,2026-10-31 23:59:59,品牌推广专区,2
45627,15元迈诺斯品牌商品券,迈诺斯,26年10月品牌推广活动,468,16.0,15.0,93.75,1,2026-10-01 00:00:00,2026-10-31 23:59:59,品牌推广专区,2
45629,15元明硕品牌商品券,明硕,26年10月品牌推广活动,408,16.0,15.0,93.75,1,2026-10-01 00:00:00,2026-10-31 23:59:59,品牌推广专区,2
45633,15元美森科品牌商品券,美森科,26年10月品牌推广活动,614,16.0,15.0,93.75,1,2026-10-01 00:00:00,2026-10-31 23:59:59,品牌推广专区,2
45634,15元徕飞品牌商品券,徕飞,26年10月品牌推广活动,408,16.0,15.0,93.75,1,2026-10-01 00:00:00,2026-10-31 23:59:59,品牌推广专区,2
45636,<品牌新人>15元正芯半导体品牌商品券,正芯半导体,26年10月品牌推广活动,228,16.0,15.0,93.75,1,2026-10-01 00:00:00,2026-10-31 23:59:59,品牌推广专区,2
45638,15元升阳品牌商品券,升阳,26年10月品牌推广活动,459,16.0,15.0,93.75,1,2026-10-01 00:00:00,2026-10-31 23:59:59,品牌推广专区,2
45640,15元永星科技品牌商品券,永星科技,26年10月品牌推广活动,430,16.0,15.0,93.75,1,2026-10-01 00:00:00,2026-10-31 23:59:59,品牌推广专区,2
45644,15元硕方品牌商品券,硕方,26年10月品牌推广活动,397,16.0,15.0,93.75,1,2026-10-01 00:00:00,2026-10-31 23:59:59,品牌推广专区,2
45646,15元洺太电子品牌商品券,洺太电子,26年10月品牌推广活动,391,16.0,15.0,93.75,1,2026-10-01 00:00:00,2026-10-31 23:59:59,品牌推广专区,2
45648,15元绍鑫品牌商品券,绍鑫,26年10月品牌推广活动,374,16.0,15.0,93.75,1,2026-10-01 00:00:00,2026-10-31 23:59:59,品牌推广专区,2
45650,<品牌新人>15元拓电半导体品牌商品券,拓电半导体,26年10月品牌推广活动,173,16.0,15.0,93.75,1,2026-10-01 00:00:00,2026-10-31 23:59:59,品牌推广专区,2
45652,15元友台半导体品牌商品券,友台半导体,26年10月品牌推广活动,635,16.0,15.0,93.75,1,2026-10-01 00:00:00,2026-10-31 23:59:59,品牌推广专区,2
45657,15元芯伯乐品牌商品券,芯伯乐,26年10月品牌推广活动,545,16.0,15.0,93.75,1,2026-10-01 00:00:00,2026-10-31 23:59:59,品牌推广专区,2
45659,15元芯鼎盛品牌商品券,芯鼎盛,26年10月品牌推广活动,431,16.0,15.0,93.75,1,2026-10-01 00:00:00,2026-10-31 23:59:59,品牌推广专区,2
45661,15元兴飞品牌商品券,兴飞,26年10月品牌推广活动,568,16.0,15.0,93.75,1,2026-10-01 00:00:00,2026-10-31 23:59:59,品牌推广专区,2
45663,15元新锐品牌商品券,新锐,26年10月品牌推广活动,499,16.0,15.0,93.75,1,2026-10-01 00:00:00,2026-10-31 23:59:59,品牌推广专区,2
45665,15元雅晶鑫品牌指定类目商品券,雅晶鑫,26年10月品牌推广活动,405,16.0,15.0,93.75,1,2026-10-01 00:00:00,2026-10-31 23:59:59,品牌推广专区,2
45667,15元元迪品牌商品券,元迪,26年10月品牌推广活动,404,16.0,15.0,93.75,1,2026-10-01 00:00:00,2026-10-31 23:59:59,品牌推广专区,2
45669,15元增益品牌商品券,增益,26年10月品牌推广活动,426,16.0,15.0,93.75,1,2026-10-01 00:00:00,2026-10-31 23:59:59,品牌推广专区,2
45671,15元正芯品牌商品券,正芯,26年10月品牌推广活动,442,16.0,15.0,93.75,1,2026-10-01 00:00:00,2026-10-31 23:59:59,品牌推广专区,2
45674,15元康深品牌商品券,康深,26年10月品牌推广活动,378,16.0,15.0,93.75,1,2026-10-01 00:00:00,2026-10-31 23:59:59,品牌推广专区,2
45675,15元勤本品牌指定类目商品券,勤本,26年10月品牌推广活动,378,16.0,15.0,93.75,1,2026-10-01 00:00:00,2026-10-31 23:59:59,品牌推广专区,2
45676,15元线易品牌商品券,线易,26年10月品牌推广活动,377,16.0,15.0,93.75,1,2026-10-01 00:00:00,2026-10-31 23:59:59,品牌推广专区,2
45677,15元元精技术品牌商品券,元精技术,26年10月品牌推广活动,383,16.0,15.0,93.75,1,2026-10-01 00:00:00,2026-10-31 23:59:59,品牌推广专区,2
45678,15元华龙品牌商品券,华龙,26年10月品牌推广活动,413,16.0,15.0,93.75,1,2026-10-01 00:00:00,2026-10-31 23:59:59,品牌推广专区,2
45679,15元恒连品牌商品券,恒连,26年10月品牌推广活动,368,16.0,15.0,93.75,1,2026-10-01 00:00:00,2026-10-31 23:59:59,品牌推广专区,2
45680,<品牌新人>15元毅芯达品牌商品券,毅芯达,26年10月品牌推广活动,219,16.0,15.0,93.75,1,2026-10-01 00:00:00,2026-10-31 23:59:59,品牌推广专区,2
45681,15元福芯微品牌商品券,福芯微,26年10月品牌推广活动,374,16.0,15.0,93.75,1,2026-10-01 00:00:00,2026-10-31 23:59:59,品牌推广专区,2
45682,15元汇智品牌商品券,汇智,26年10月品牌推广活动,368,16.0,15.0,93.75,1,2026-10-01 00:00:00,2026-10-31 23:59:59,品牌推广专区,2
45683,15元顾邦半导体品牌商品券,顾邦半导体,26年10月品牌推广活动,178,20.0,15.0,75.0,1,2026-10-01 00:00:00,2026-10-31 23:59:59,品牌推广专区,2
45684,15元霍尔微电子品牌商品券,霍尔微电子,26年10月品牌推广活动,374,16.0,15.0,93.75,1,2026-10-01 00:00:00,2026-10-31 23:59:59,品牌推广专区,2
45685,<品牌新人>15元浩都频率品牌商品券,浩都频率,26年10月品牌推广活动,241,16.0,15.0,93.75,1,2026-10-01 00:00:00,2026-10-31 23:59:59,品牌推广专区,2
45686,<品牌新人>15元智芯品牌商品券,智芯,26年10月品牌推广活动,247,16.0,15.0,93.75,1,2026-10-01 00:00:00,2026-10-31 23:59:59,品牌推广专区,2
45687,<品牌新人>15元赢海品牌商品券,赢海,26年10月品牌推广活动,193,16.0,15.0,93.75,1,2026-10-01 00:00:00,2026-10-31 23:59:59,品牌推广专区,2
45688,15元伽盛品牌商品券,伽盛,26年10月品牌推广活动,369,16.0,15.0,93.75,1,2026-10-01 00:00:00,2026-10-31 23:59:59,品牌推广专区,2
45689,15元晶友嘉品牌商品券,晶友嘉,26年10月品牌推广活动,171,20.0,15.0,75.0,1,2026-10-01 00:00:00,2026-10-31 23:59:59,品牌推广专区,2
45690,<品牌新人>15元科信品牌商品券,科信,26年10月品牌推广活动,256,16.0,15.0,93.75,1,2026-10-01 00:00:00,2026-10-31 23:59:59,品牌推广专区,2
45691,<品牌新人>15元蓝晶品牌商品券,蓝晶,26年10月品牌推广活动,226,16.0,15.0,93.75,1,2026-10-01 00:00:00,2026-10-31 23:59:59,品牌推广专区,2
45692,15元中晶微品牌商品券,中晶微,26年10月品牌推广活动,375,16.0,15.0,93.75,1,2026-10-01 00:00:00,2026-10-31 23:59:59,品牌推广专区,2
45694,15元瑞森半导体品牌商品券,瑞森半导体,26年10月品牌推广活动,183,20.0,15.0,75.0,1,2026-10-01 00:00:00,2026-10-31 23:59:59,品牌推广专区,2
45695,15元赛亚品牌商品券,赛亚,26年10月品牌推广活动,175,20.0,15.0,75.0,1,2026-10-01 00:00:00,2026-10-31 23:59:59,品牌推广专区,2
45696,15元高钺达品牌商品券,高钺达,26年10月品牌推广活动,383,16.0,15.0,93.75,1,2026-10-01 00:00:00,2026-10-31 23:59:59,品牌推广专区,2
45697,15元索瑞达品牌商品券,索瑞达,26年10月品牌推广活动,398,16.0,15.0,93.75,1,2026-10-01 00:00:00,2026-10-31 23:59:59,品牌推广专区,2
45698,15元斯瑞特品牌商品券,斯瑞特,26年10月品牌推广活动,371,16.0,15.0,93.75,1,2026-10-01 00:00:00,2026-10-31 23:59:59,品牌推广专区,2
45699,<品牌新人>15元韩国星炆电子品牌商品券,韩国星炆电子,26年10月品牌推广活动,267,16.0,15.0,93.75,1,2026-10-01 00:00:00,2026-10-31 23:59:59,品牌推广专区,2
45700,15元宇力半导体品牌商品券,宇力半导体,26年10月品牌推广活动,410,16.0,15.0,93.75,1,2026-10-01 00:00:00,2026-10-31 23:59:59,品牌推广专区,2
45701,15元沃进品牌商品券,沃进,26年10月品牌推广活动,467,16.0,15.0,93.75,1,2026-10-01 00:00:00,2026-10-31 23:59:59,品牌推广专区,2
45702,15元辛译品牌商品券,辛译,26年10月品牌推广活动,461,16.0,15.0,93.75,1,2026-10-01 00:00:00,2026-10-31 23:59:59,品牌推广专区,2
45704,<品牌新人>15元中逸光品牌商品券,中逸光,26年10月品牌推广活动,269,16.0,15.0,93.75,1,2026-10-01 00:00:00,2026-10-31 23:59:59,品牌推广专区,2
45706,15元柯睿品牌商品券,柯睿,26年10月品牌推广活动,424,16.0,15.0,93.75,1,2026-10-01 00:00:00,2026-10-31 23:59:59,品牌推广专区,2
45707,15元如般微品牌商品券,如般微,26年10月品牌推广活动,228,20.0,15.0,75.0,1,2026-10-01 00:00:00,2026-10-31 23:59:59,品牌推广专区,2
45716,<品牌新人>15元申风品牌商品券,申风,26年10月品牌推广活动,276,16.0,15.0,93.75,1,2026-10-01 00:00:00,2026-10-31 23:59:59,品牌推广专区,2
45719,<商城新人>15元金誉品牌商品券,金誉,26年10月品牌推广活动,22,16.0,15.0,93.75,1,2026-10-01 00:00:00,2026-10-31 23:59:59,品牌推广专区,2
45721,<品牌新人>15元晶光华品牌商品券,晶光华,26年10月品牌推广活动,260,16.0,15.0,93.75,1,2026-10-01 00:00:00,2026-10-31 23:59:59,品牌推广专区,2
45722,15元科泰普品牌商品券,科泰普,26年10月品牌推广活动,473,16.0,15.0,93.75,1,2026-10-01 00:00:00,2026-10-31 23:59:59,品牌推广专区,2
45724,<品牌新人>15元KUU品牌商品券,KUU,26年10月品牌推广活动,243,16.0,15.0,93.75,1,2026-10-01 00:00:00,2026-10-31 23:59:59,品牌推广专区,2
45726,<品牌新人>15元聆麦声学品牌商品券,聆麦声学,26年10月品牌推广活动,292,16.0,15.0,93.75,1,2026-10-01 00:00:00,2026-10-31 23:59:59,品牌推广专区,2
45728,<品牌新人>15元MDD品牌商品券,辰达半导体,26年10月品牌推广活动,205,16.0,15.0,93.75,1,2026-10-01 00:00:00,2026-10-31 23:59:59,品牌推广专区,2
45731,15元摩天射频品牌商品券,摩天射频,26年10月品牌推广活动,423,16.0,15.0,93.75,1,2026-10-01 00:00:00,2026-10-31 23:59:59,品牌推广专区,2
45732,15元星通时频品牌商品券,星通时频,26年10月品牌推广活动,435,16.0,15.0,93.75,1,2026-10-01 00:00:00,2026-10-31 23:59:59,品牌推广专区,2
45735,15元顺磁品牌商品券,顺磁,26年10月品牌推广活动,487,16.0,15.0,93.75,1,2026-10-01 00:00:00,2026-10-31 23:59:59,品牌推广专区,2
45736,<品牌新人>15元永裕泰品牌商品券,永裕泰,26年10月品牌推广活动,239,16.0,15.0,93.75,1,2026-10-01 00:00:00,2026-10-31 23:59:59,品牌推广专区,2
45738,15元康森斯克品牌商品券,康森斯克,26年10月品牌推广活动,396,16.0,15.0,93.75,1,2026-10-01 00:00:00,2026-10-31 23:59:59,品牌推广专区,2
45739,<品牌新人>15元冠图电子品牌商品券,冠图电子,26年10月品牌推广活动,267,16.0,15.0,93.75,1,2026-10-01 00:00:00,2026-10-31 23:59:59,品牌推广专区,2
45740,<品牌新人>15元锦凌品牌商品券,锦凌,26年10月品牌推广活动,250,16.0,15.0,93.75,1,2026-10-01 00:00:00,2026-10-31 23:59:59,品牌推广专区,2
45741,<品牌新人>15元乾能惠品牌商品券,乾能惠,26年10月品牌推广活动,269,16.0,15.0,93.75,1,2026-10-01 00:00:00,2026-10-31 23:59:59,品牌推广专区,2
45742,15元VISOM品牌商品券,VISOM,26年10月品牌推广活动,397,16.0,15.0,93.75,1,2026-10-01 00:00:00,2026-10-31 23:59:59,品牌推广专区,2
45743,15元中科无线品牌商品券,中科无线,26年10月品牌推广活动,419,16.0,15.0,93.75,1,2026-10-01 00:00:00,2026-10-31 23:59:59,品牌推广专区,2
45744,<品牌新人>15元德艺隆品牌商品券,德艺隆,26年10月品牌推广活动,249,16.0,15.0,93.75,1,2026-10-01 00:00:00,2026-10-31 23:59:59,品牌推广专区,2
45746,15元骏晔科技品牌商品券,骏晔科技,26年10月品牌推广活动,416,16.0,15.0,93.75,1,2026-10-01 00:00:00,2026-10-31 23:59:59,品牌推广专区,2
45747,15元深圳汉芯品牌商品券,深圳汉芯,26年10月品牌推广活动,488,16.0,15.0,93.75,1,2026-10-01 00:00:00,2026-10-31 23:59:59,品牌推广专区,2
45748,15元惠源晶工品牌商品券,惠源晶工,26年10月品牌推广活动,151,30.0,15.0,50.0,1,2026-10-01 00:00:00,2026-10-31 23:59:59,品牌推广专区,2
45786,<品牌新人>15元千如品牌商品券,千如,26年10月品牌推广活动,265,16.0,15.0,93.75,1,2026-10-01 00:00:00,2026-10-31 23:59:59,品牌推广专区,2
45788,15元创都品牌商品券,创都,26年10月品牌推广活动,451,16.0,15.0,93.75,1,2026-10-01 00:00:00,2026-10-31 23:59:59,品牌推广专区,2
45790,15元汉博品牌商品券,汉博,26年10月品牌推广活动,467,16.0,15.0,93.75,1,2026-10-01 00:00:00,2026-10-31 23:59:59,品牌推广专区,2
45793,15元华灿天禄品牌商品券,华灿天禄,26年10月品牌推广活动,561,16.0,15.0,93.75,1,2026-10-01 00:00:00,2026-10-31 23:59:59,品牌推广专区,2
45794,15元领晨品牌商品券,领晨,26年10月品牌推广活动,489,16.0,15.0,93.75,1,2026-10-01 00:00:00,2026-10-31 23:59:59,品牌推广专区,2
45795,<品牌新人>15元海旭品牌商品券,海旭,26年10月品牌推广活动,345,16.0,15.0,93.75,1,2026-10-01 00:00:00,2026-10-31 23:59:59,品牌推广专区,2
45796,<品牌新人>15元银月光品牌商品券,银月光,26年10月品牌推广活动,292,16.0,15.0,93.75,1,2026-10-01 00:00:00,2026-10-31 23:59:59,品牌推广专区,2
45797,15元长江连接器品牌商品券,长江连接器,26年10月品牌推广活动,499,16.0,15.0,93.75,1,2026-10-01 00:00:00,2026-10-31 23:59:59,品牌推广专区,2
45798,15元宇熙精密品牌商品券,宇熙精密,26年10月品牌推广活动,464,16.0,15.0,93.75,1,2026-10-01 00:00:00,2026-10-31 23:59:59,品牌推广专区,2
45802,学生认证 | 15元芯声品牌商品券,芯声,2026年10月学生认证专属优惠券,198,16.0,15.0,93.75,1,2026-10-01 00:00:00,2026-10-31 23:59:59,品牌推广专区,2
45803,学生认证 | 15元长江微电品牌商品券,长江微电,2026年10月学生认证专属优惠券,193,16.0,15.0,93.75,1,2026-10-01 00:00:00,2026-10-31 23:59:59,品牌推广专区,2
45804,学生认证 | 15元富捷品牌商品券,富捷,2026年10月学生认证专属优惠券,208,16.0,15.0,93.75,1,2026-10-01 00:00:00,2026-10-31 23:59:59,品牌推广专区,2
45806,<品牌新人>15元宏业品牌商品券,宏业,26年10月品牌推广活动,312,16.0,15.0,93.75,1,2026-10-01 00:00:00,2026-10-31 23:59:59,品牌推广专区,2
45807,15元屹晶微品牌商品券,屹晶微,26年10月品牌推广活动,551,16.0,15.0,93.75,1,2026-10-01 00:00:00,2026-10-31 23:59:59,品牌推广专区,2
45809,15元科雅品牌商品券,科雅,26年10月品牌推广活动,512,16.0,15.0,93.75,1,2026-10-01 00:00:00,2026-10-31 23:59:59,品牌推广专区,2
45846,15元芯昌科技品牌商品券,芯昌科技,26年10月品牌推广活动,453,16.0,15.0,93.75,1,2026-10-01 00:00:00,2026-10-31 23:59:59,品牌推广专区,2
45848,15元国晶微半导体品牌商品券,国晶微半导体,26年10月品牌推广活动,472,16.0,15.0,93.75,1,2026-10-01 00:00:00,2026-10-31 23:59:59,品牌推广专区,2
45850,15元讯答品牌商品券,讯答,26年10月品牌推广活动,477,16.0,15.0,93.75,1,2026-10-01 00:00:00,2026-10-31 23:59:59,品牌推广专区,2
45852,15元乐瓦微电子品牌商品券,乐瓦微电子,26年10月品牌推广活动,484,16.0,15.0,93.75,1,2026-10-01 00:00:00,2026-10-31 23:59:59,品牌推广专区,2
45853,15元先进光品牌商品券,先进光,26年10月品牌推广活动,466,16.0,15.0,93.75,1,2026-10-01 00:00:00,2026-10-31 23:59:59,品牌推广专区,2
45800,学生认证 | 10元讯普品牌商品券,讯普,2026年10月学生认证专属优惠券,190,11.0,10.0,90.91,1,2026-10-01 00:00:00,2026-10-31 23:59:59,品牌推广专区,2
45808,学生认证 | 10元MDD品牌商品券,辰达半导体,2026年10月学生认证专属优惠券,187,11.0,10.0,90.91,1,2026-10-01 00:00:00,2026-10-31 23:59:59,品牌推广专区,2
45813,学生认证 | 10元科尼盛品牌商品券,科尼盛,2026年10月学生认证专属优惠券,188,11.0,10.0,90.91,1,2026-10-01 00:00:00,2026-10-31 23:59:59,品牌推广专区,2
45814,学生认证 | 10元中国星坤品牌商品券,中国星坤,2026年10月学生认证专属优惠券,190,11.0,10.0,90.91,1,2026-10-01 00:00:00,2026-10-31 23:59:59,品牌推广专区,2
45810,学生认证 | 6元扬兴晶振品牌商品券,扬兴晶振,2026年10月学生认证专属优惠券,190,6.01,6.0,99.83,1,2026-10-01 00:00:00,2026-10-31 23:59:59,品牌推广专区,2
45186,指定物料专属9折券,辰达半导体,26年10月品牌推广活动,201,6.0,0.0,10.0,1,2026-10-01 00:00:00,2026-10-31 23:59:59,品牌推广专区,2
45357,500元芯声品牌商品券,芯声,26年10月品牌推广活动,109,5000.0,500.0,10.0,1,2026-10-01 00:00:00,2026-10-31 23:59:59,品牌推广专区,2
45276,200元虹成电子品牌商品券,虹成电子,26年10月品牌推广活动,87,1000.0,200.0,20.0,1,2026-10-01 00:00:00,2026-10-31 23:59:59,品牌推广专区,2
45008,150元森美特品牌商品券,森美特,26年10月品牌推广活动,85,1000.0,150.0,15.0,1,2026-10-01 00:00:00,2026-10-31 23:59:59,品牌推广专区,2
45022,150元益嘉源品牌商品券,益嘉源,26年10月品牌推广活动,83,1000.0,150.0,15.0,1,2026-10-01 00:00:00,2026-10-31 23:59:59,品牌推广专区,2
45365,150元长江微电品牌商品券,长江微电,26年10月品牌推广活动,91,1000.0,150.0,15.0,1,2026-10-01 00:00:00,2026-10-31 23:59:59,品牌推广专区,2
45373,150元富捷品牌商品券,富捷,26年10月品牌推广活动,151,1000.0,150.0,15.0,1,2026-10-01 00:00:00,2026-10-31 23:59:59,品牌推广专区,2
45399,150元芯控源品牌商品券,芯控源,26年10月品牌推广活动,82,1000.0,150.0,15.0,1,2026-10-01 00:00:00,2026-10-31 23:59:59,品牌推广专区,2
45660,150元芯鼎盛品牌商品券,芯鼎盛,26年10月品牌推广活动,87,1000.0,150.0,15.0,1,2026-10-01 00:00:00,2026-10-31 23:59:59,品牌推广专区,2
45387,120元容强品牌商品券,容强,26年10月品牌推广活动,74,1000.0,120.0,12.0,1,2026-10-01 00:00:00,2026-10-31 23:59:59,品牌推广专区,2
45493,120元达普品牌商品券,达普,26年10月品牌推广活动,71,2000.0,120.0,6.0,1,2026-10-01 00:00:00,2026-10-31 23:59:59,品牌推广专区,2
44975,100元磁联达品牌商品券,磁联达,26年10月品牌推广活动,75,1000.0,100.0,10.0,1,2026-10-01 00:00:00,2026-10-31 23:59:59,品牌推广专区,2
44984,100元杰盛微品牌商品券,杰盛微,26年10月品牌推广活动,81,1000.0,100.0,10.0,1,2026-10-01 00:00:00,2026-10-31 23:59:59,品牌推广专区,2
44986,100元钜兴品牌商品券,钜兴,26年10月品牌推广活动,74,500.0,100.0,20.0,1,2026-10-01 00:00:00,2026-10-31 23:59:59,品牌推广专区,2
44994,100元欧思科品牌商品券,欧思科,26年10月品牌推广活动,70,1000.0,100.0,10.0,1,2026-10-01 00:00:00,2026-10-31 23:59:59,品牌推广专区,2
45185,100元捷而瑞品牌商品券,捷而瑞,26年10月品牌推广活动,74,1000.0,100.0,10.0,1,2026-10-01 00:00:00,2026-10-31 23:59:59,品牌推广专区,2
45249,100元品赞品牌商品券,品赞,26年10月品牌推广活动,71,1000.0,100.0,10.0,1,2026-10-01 00:00:00,2026-10-31 23:59:59,品牌推广专区,2
45266,100元圣融达品牌商品券,圣融达,26年10月品牌推广活动,68,1000.0,100.0,10.0,1,2026-10-01 00:00:00,2026-10-31 23:59:59,品牌推广专区,2
45269,100元顺翔诺品牌商品券,顺翔诺,26年10月品牌推广活动,69,1000.0,100.0,10.0,1,2026-10-01 00:00:00,2026-10-31 23:59:59,品牌推广专区,2
45271,100元讯普品牌商品券,讯普,26年10月品牌推广活动,74,2000.0,100.0,5.0,1,2026-10-01 00:00:00,2026-10-31 23:59:59,品牌推广专区,2
45289,100元杜因特品牌商品券,杜因特,26年10月品牌推广活动,72,1000.0,100.0,10.0,1,2026-10-01 00:00:00,2026-10-31 23:59:59,品牌推广专区,2
45375,100元富信品牌商品券,富捷/富信,26年10月品牌推广活动,71,1000.0,100.0,10.0,1,2026-10-01 00:00:00,2026-10-31 23:59:59,品牌推广专区,2
45410,100元台舟品牌商品券,台舟,26年10月品牌推广活动,75,1000.0,100.0,10.0,1,2026-10-01 00:00:00,2026-10-31 23:59:59,品牌推广专区,2
45460,100元金比莱品牌商品券,金比莱,26年10月品牌推广活动,66,2000.0,100.0,5.0,1,2026-10-01 00:00:00,2026-10-31 23:59:59,品牌推广专区,2
45479,100元科尼盛品牌商品券,科尼盛,26年10月品牌推广活动,67,1000.0,100.0,10.0,1,2026-10-01 00:00:00,2026-10-31 23:59:59,品牌推广专区,2
45503,100元中国星坤品牌商品券,中国星坤,26年10月品牌推广活动,79,500.0,100.0,20.0,1,2026-10-01 00:00:00,2026-10-31 23:59:59,品牌推广专区,2
45550,100元爱普微品牌商品券,爱普微,26年10月品牌推广活动,76,300.0,100.0,33.33,1,2026-10-01 00:00:00,2026-10-31 23:59:59,品牌推广专区,2
45554,100元蝙蝠无线品牌商品券,蝙蝠无线,26年10月品牌推广活动,76,1000.0,100.0,10.0,1,2026-10-01 00:00:00,2026-10-31 23:59:59,品牌推广专区,2
45557,100元伯恩半导体品牌商品券,伯恩半导体,26年10月品牌推广活动,68,1000.0,100.0,10.0,1,2026-10-01 00:00:00,2026-10-31 23:59:59,品牌推广专区,2
45607,100元钜硕电子品牌商品券,钜硕电子,26年10月品牌推广活动,68,1000.0,100.0,10.0,1,2026-10-01 00:00:00,2026-10-31 23:59:59,品牌推广专区,2
45579,250元面板定制商品券,面板打印券,面板定制2026年10月优惠活动,139,5000.0,250.0,5.0,2,2026-10-01 00:00:00,2026-10-31 23:59:59,专区 14,14
45585,500元面板定制商品券,面板打印券,面板定制2026年10月优惠活动,131,10000.0,500.0,5.0,2,2026-10-01 00:00:00,2026-10-31 23:59:59,专区 14,14
45576,150元面板定制商品券,面板打印券,面板定制2026年10月优惠活动,164,3000.0,150.0,5.0,2,2026-10-01 00:00:00,2026-10-31 23:59:59,专区 14,14
45040,20元工业品运费券,运费券,立创工业品-运费券-26年,858,200.0,20.0,10.0,5,2026-10-01 00:00:00,2026-10-31 23:59:59,工业品专区,5
45039,10元工业品运费券,运费券,立创工业品-运费券-26年,318,100.0,10.0,10.0,1,2026-10-01 00:00:00,2026-10-31 23:59:59,工业品专区,5
45073,1500元麦科信品牌工业品券,麦科信,立创工业品-品牌推广-26年10月,76,12000.0,1500.0,12.5,1,2026-10-01 00:00:00,2026-10-31 23:59:59,工业品专区,5
45072,600元麦科信品牌工业品券,麦科信,立创工业品-品牌推广-26年10月,70,5000.0,600.0,12.0,1,2026-10-01 00:00:00,2026-10-31 23:59:59,工业品专区,5
45071,300元麦科信品牌工业品券,麦科信,立创工业品-品牌推广-26年10月,71,3000.0,300.0,10.0,1,2026-10-01 00:00:00,2026-10-31 23:59:59,工业品专区,5
45080,300元捷安品牌工业品券,捷安,立创工业品-品牌推广-26年10月,68,2000.0,300.0,15.0,1,2026-10-01 00:00:00,2026-10-31 23:59:59,工业品专区,5
45220,200元超创品牌工业品券,超创,立创工业品-品牌推广-26年10月,68,3000.0,200.0,6.67,1,2026-10-01 00:00:00,2026-10-31 23:59:59,工业品专区,5
45070,100元麦科信品牌工业品券,麦科信,立创工业品-品牌推广-26年10月,69,1000.0,100.0,10.0,1,2026-10-01 00:00:00,2026-10-31 23:59:59,工业品专区,5
45081,100元捷安品牌工业品券,捷安,立创工业品-品牌推广-26年10月,68,1000.0,100.0,10.0,1,2026-10-01 00:00:00,2026-10-31 23:59:59,工业品专区,5
45084,100元华知科品牌工业品券,华知科,立创工业品-品牌推广-26年10月,59,1000.0,100.0,10.0,1,2026-10-01 00:00:00,2026-10-31 23:59:59,工业品专区,5
45225,100元峡感品牌工业品券,峡感,立创工业品-品牌推广-26年10月,69,1500.0,100.0,6.67,1,2026-10-01 00:00:00,2026-10-31 23:59:59,工业品专区,5
45352,100元摩天射频品牌工业品券,摩天射频,立创工业品-品牌推广-26年10月,70,1000.0,100.0,10.0,1,2026-10-01 00:00:00,2026-10-31 23:59:59,工业品专区,5
45079,80元威尔克品牌工业品券,威尔克,立创工业品-品牌推广-26年10月,68,500.0,80.0,16.0,1,2026-10-01 00:00:00,2026-10-31 23:59:59,工业品专区,5
45356,80元万德品牌工业品券,万德,立创工业品-品牌推广-26年10月,69,1000.0,80.0,8.0,1,2026-10-01 00:00:00,2026-10-31 23:59:59,工业品专区,5
45029,60元工业品商品券,商品券,立创工业品-每月券-26年10月,191,2000.0,60.0,3.0,1,2026-10-01 00:00:00,2026-10-31 23:59:59,工业品专区,5
45222,60元华宇创品牌工业品券,华宇创,立创工业品-品牌推广-26年10月,70,500.0,60.0,12.0,1,2026-10-01 00:00:00,2026-10-31 23:59:59,工业品专区,5
45229,60元净行天磁品牌工业品券,净行天磁,立创工业品-品牌推广-26年10月,70,2000.0,60.0,3.0,1,2026-10-01 00:00:00,2026-10-31 23:59:59,工业品专区,5
45043,50元新宏辉达品牌工业品券,新宏辉达,立创工业品-品牌推广-26年10月,69,500.0,50.0,10.0,1,2026-10-01 00:00:00,2026-10-31 23:59:59,工业品专区,5
45082,50元捷安品牌工业品券,捷安,立创工业品-品牌推广-26年10月,70,500.0,50.0,10.0,1,2026-10-01 00:00:00,2026-10-31 23:59:59,工业品专区,5
45213,50元艾迈斯品牌工业品券,艾迈斯,立创工业品-品牌推广-26年10月,72,1000.0,50.0,5.0,1,2026-10-01 00:00:00,2026-10-31 23:59:59,工业品专区,5
45230,50元JHT品牌工业品券,JHT,立创工业品-品牌推广-26年10月,69,1000.0,50.0,5.0,1,2026-10-01 00:00:00,2026-10-31 23:59:59,工业品专区,5
45361,40元米客方德品牌工业品券,米客方德,立创工业品-品牌推广-26年10月,70,300.0,40.0,13.33,1,2026-10-01 00:00:00,2026-10-31 23:59:59,工业品专区,5
45532,40元阿迈通瑞品牌工业品券,阿迈通瑞,立创工业品-品牌推广-26年10月,68,300.0,40.0,13.33,1,2026-10-01 00:00:00,2026-10-31 23:59:59,工业品专区,5
45028,30元工业品商品券,商品券,立创工业品-每月券-26年10月,200,1000.0,30.0,3.0,1,2026-10-01 00:00:00,2026-10-31 23:59:59,工业品专区,5
45032,30元工业品商品券,商品券,立创工业品-每月券-26年10月,182,300.0,30.0,10.0,1,2026-10-01 00:00:00,2026-10-31 23:59:59,工业品专区,5
45046,30元斯泰普品牌工业品券,斯泰普,立创工业品-品牌推广-26年10月,71,1000.0,30.0,3.0,1,2026-10-01 00:00:00,2026-10-31 23:59:59,工业品专区,5
45078,30元威尔克品牌工业品券,威尔克,立创工业品-品牌推广-26年10月,69,200.0,30.0,15.0,1,2026-10-01 00:00:00,2026-10-31 23:59:59,工业品专区,5
45218,30元逸致品牌工业品券,逸致,立创工业品-品牌推广-26年10月,69,500.0,30.0,6.0,1,2026-10-01 00:00:00,2026-10-31 23:59:59,工业品专区,5
45228,30元净行天磁品牌工业品券,净行天磁,立创工业品-品牌推广-26年10月,68,1000.0,30.0,3.0,1,2026-10-01 00:00:00,2026-10-31 23:59:59,工业品专区,5
45351,30元摩天射频品牌工业品券,摩天射频,立创工业品-品牌推广-26年10月,70,300.0,30.0,10.0,1,2026-10-01 00:00:00,2026-10-31 23:59:59,工业品专区,5
45355,30元万德品牌工业品券,万德,立创工业品-品牌推广-26年10月,69,500.0,30.0,6.0,1,2026-10-01 00:00:00,2026-10-31 23:59:59,工业品专区,5
45359,30元信德品牌工业品券,信德,立创工业品-品牌推广-26年10月,70,200.0,30.0,15.0,1,2026-10-01 00:00:00,2026-10-31 23:59:59,工业品专区,5
45534,30元科泰品牌工业品券,科泰,立创工业品-品牌推广-26年10月,69,300.0,30.0,10.0,1,2026-10-01 00:00:00,2026-10-31 23:59:59,工业品专区,5
45536,30元肯博品牌工业品券,肯博,立创工业品-品牌推广-26年10月,69,300.0,30.0,10.0,1,2026-10-01 00:00:00,2026-10-31 23:59:59,工业品专区,5
45540,30元扬展康品牌工业品券,扬展康,立创工业品-品牌推广-26年10月,70,300.0,30.0,10.0,1,2026-10-01 00:00:00,2026-10-31 23:59:59,工业品专区,5
45031,20元工业品商品券,商品券,立创工业品-每月券-26年10月,191,200.0,20.0,10.0,1,2026-10-01 00:00:00,2026-10-31 23:59:59,工业品专区,5
45083,20元捷安品牌工业品券,捷安,立创工业品-品牌推广-26年10月,71,200.0,20.0,10.0,1,2026-10-01 00:00:00,2026-10-31 23:59:59,工业品专区,5
45215,20元灿峰品牌工业品券,灿峰,立创工业品-品牌推广-26年10月,72,200.0,20.0,10.0,1,2026-10-01 00:00:00,2026-10-31 23:59:59,工业品专区,5
45233,20元裕峰品牌工业品券,裕峰,立创工业品-品牌推广-26年10月,70,200.0,20.0,10.0,1,2026-10-01 00:00:00,2026-10-31 23:59:59,工业品专区,5
45354,20元万德品牌工业品券,万德,立创工业品-品牌推广-26年10月,70,200.0,20.0,10.0,1,2026-10-01 00:00:00,2026-10-31 23:59:59,工业品专区,5
45358,20元信德品牌工业品券,信德,立创工业品-品牌推广-26年10月,184,21.0,20.0,95.24,1,2026-10-01 00:00:00,2026-10-31 23:59:59,工业品专区,5
45360,20元米客方德品牌工业品券,米客方德,立创工业品-品牌推广-26年10月,73,100.0,20.0,20.0,1,2026-10-01 00:00:00,2026-10-31 23:59:59,工业品专区,5
45531,20元阿迈通瑞品牌工业品券,阿迈通瑞,立创工业品-品牌推广-26年10月,71,100.0,20.0,20.0,1,2026-10-01 00:00:00,2026-10-31 23:59:59,工业品专区,5
45538,20元求尚品牌工业品券,求尚,立创工业品-品牌推广-26年10月,70,300.0,20.0,6.67,1,2026-10-01 00:00:00,2026-10-31 23:59:59,工业品专区,5
45027,15元工业品商品券,商品券,立创工业品-每月券-26年10月,250,500.0,15.0,3.0,1,2026-10-01 00:00:00,2026-10-31 23:59:59,工业品专区,5
45044,<品牌新人>15元斯泰普品牌首单券,斯泰普,立创工业品-品牌推广-26年10月,154,16.0,15.0,93.75,1,2026-10-01 00:00:00,2026-10-31 23:59:59,工业品专区,5
45049,<品牌新人>15元芯网品牌首单券,芯网,立创工业品-品牌推广-26年10月,181,16.0,15.0,93.75,1,2026-10-01 00:00:00,2026-10-31 23:59:59,工业品专区,5
45085,15元伊万视波品牌工业品券,伊万视波,立创工业品-品牌推广-26年10月,84,100.0,15.0,15.0,1,2026-10-01 00:00:00,2026-10-31 23:59:59,工业品专区,5
45216,15元灿峰品牌工业品券,灿峰,立创工业品-品牌推广-26年10月,235,16.0,15.0,93.75,1,2026-10-01 00:00:00,2026-10-31 23:59:59,工业品专区,5
45217,15元逸致品牌工业品券,逸致,立创工业品-品牌推广-26年10月,252,16.0,15.0,93.75,1,2026-10-01 00:00:00,2026-10-31 23:59:59,工业品专区,5
45221,15元华宇创品牌工业品券,华宇创,立创工业品-品牌推广-26年10月,256,16.0,15.0,93.75,1,2026-10-01 00:00:00,2026-10-31 23:59:59,工业品专区,5
45224,15元美阳品牌工业品券,美阳,立创工业品-品牌推广-26年10月,147,20.0,15.0,75.0,1,2026-10-01 00:00:00,2026-10-31 23:59:59,工业品专区,5
45227,15元净行天磁品牌工业品券,净行天磁,立创工业品-品牌推广-26年10月,77,500.0,15.0,3.0,1,2026-10-01 00:00:00,2026-10-31 23:59:59,工业品专区,5
45234,15元裕峰品牌工业品券,裕峰,立创工业品-品牌推广-26年10月,234,16.0,15.0,93.75,1,2026-10-01 00:00:00,2026-10-31 23:59:59,工业品专区,5
45350,15元摩天射频品牌工业品券,摩天射频,立创工业品-品牌推广-26年10月,229,16.0,15.0,93.75,1,2026-10-01 00:00:00,2026-10-31 23:59:59,工业品专区,5
45353,15元锐思品牌工业品券,锐思,立创工业品-品牌推广-26年10月,75,200.0,15.0,7.5,1,2026-10-01 00:00:00,2026-10-31 23:59:59,工业品专区,5
45077,12元威尔克品牌工业品券,威尔克,立创工业品-品牌推广-26年10月,73,100.0,12.0,12.0,1,2026-10-01 00:00:00,2026-10-31 23:59:59,工业品专区,5
45026,10元工业品商品券,商品券,立创工业品-每月券-26年10月,301,200.0,10.0,5.0,1,2026-10-01 00:00:00,2026-10-31 23:59:59,工业品专区,5
45030,10元工业品商品券,商品券,立创工业品-每月券-26年10月,273,50.0,10.0,20.0,1,2026-10-01 00:00:00,2026-10-31 23:59:59,工业品专区,5
45057,10元dytape品牌工业品券,dytape,立创工业品-品牌推广-26年10月,71,100.0,10.0,10.0,1,2026-10-01 00:00:00,2026-10-31 23:59:59,工业品专区,5
45062,10元诺德斯特品牌工业品券,诺德斯特,立创工业品-品牌推广-26年10月,37,100.0,10.0,10.0,1,2026-10-01 00:00:00,2026-10-31 23:59:59,工业品专区,5
45067,10元汇亚品牌工业品券,汇亚,立创工业品-品牌推广-26年10月,71,100.0,10.0,10.0,1,2026-10-01 00:00:00,2026-10-31 23:59:59,工业品专区,5
45069,10元优沃品牌工业品券,优沃,立创工业品-品牌推广-26年10月,70,100.0,10.0,10.0,1,2026-10-01 00:00:00,2026-10-31 23:59:59,工业品专区,5
45074,10元麦科信品牌工业品券,麦科信,立创工业品-品牌推广-26年10月,175,11.0,10.0,90.91,1,2026-10-01 00:00:00,2026-10-31 23:59:59,工业品专区,5
45086,10元伊万仪通品牌工业品券,伊万仪通,立创工业品-品牌推广-26年10月,71,100.0,10.0,10.0,1,2026-10-01 00:00:00,2026-10-31 23:59:59,工业品专区,5
45212,10元远阳品牌工业品券,远阳,立创工业品-品牌推广-26年10月,77,30.0,10.0,33.33,1,2026-10-01 00:00:00,2026-10-31 23:59:59,工业品专区,5
45219,10元超创品牌工业品券,超创,立创工业品-品牌推广-26年10月,77,30.0,10.0,33.33,1,2026-10-01 00:00:00,2026-10-31 23:59:59,工业品专区,5
45533,10元科泰品牌工业品券,科泰,立创工业品-品牌推广-26年10月,73,100.0,10.0,10.0,1,2026-10-01 00:00:00,2026-10-31 23:59:59,工业品专区,5
45535,10元肯博品牌工业品券,肯博,立创工业品-品牌推广-26年10月,70,100.0,10.0,10.0,1,2026-10-01 00:00:00,2026-10-31 23:59:59,工业品专区,5
45537,10元求尚品牌工业品券,求尚,立创工业品-品牌推广-26年10月,73,100.0,10.0,10.0,1,2026-10-01 00:00:00,2026-10-31 23:59:59,工业品专区,5
45539,10元扬展康品牌工业品券,扬展康,立创工业品-品牌推广-26年10月,73,100.0,10.0,10.0,1,2026-10-01 00:00:00,2026-10-31 23:59:59,工业品专区,5
45052,<品牌新人>9元博众新材品牌首单券,博众新材,立创工业品-品牌推广-26年10月,118,10.0,9.0,90.0,1,2026-10-01 00:00:00,2026-10-31 23:59:59,工业品专区,5
45055,<品牌新人>9元鑫顺达品牌首单券,鑫顺达,立创工业品-品牌推广-26年10月,118,10.0,9.0,90.0,1,2026-10-01 00:00:00,2026-10-31 23:59:59,工业品专区,5
45226,9元净行天磁品牌工业品券,净行天磁,立创工业品-品牌推广-26年10月,166,10.0,9.0,90.0,1,2026-10-01 00:00:00,2026-10-31 23:59:59,工业品专区,5
45064,8元诺德斯特品牌工业品券,诺德斯特,立创工业品-品牌推广-26年10月,62,50.0,8.0,16.0,1,2026-10-01 00:00:00,2026-10-31 23:59:59,工业品专区,5
45042,6元新宏辉达品牌工业品券,新宏辉达,立创工业品-品牌推广-26年10月,107,10.0,6.0,60.0,1,2026-10-01 00:00:00,2026-10-31 23:59:59,工业品专区,5
45214,6元灿峰品牌工业品券,灿峰,立创工业品-品牌推广-26年10月,102,10.0,6.0,60.0,1,2026-10-01 00:00:00,2026-10-31 23:59:59,工业品专区,5
45232,6元裕峰品牌工业品券,裕峰,立创工业品-品牌推广-26年10月,98,10.0,6.0,60.0,1,2026-10-01 00:00:00,2026-10-31 23:59:59,工业品专区,5
45045,5元斯泰普品牌工业品券,斯泰普,立创工业品-品牌推广-26年10月,74,50.0,5.0,10.0,1,2026-10-01 00:00:00,2026-10-31 23:59:59,工业品专区,5
45051,5元博众新材品牌工业品券,博众新材,立创工业品-品牌推广-26年10月,73,50.0,5.0,10.0,1,2026-10-01 00:00:00,2026-10-31 23:59:59,工业品专区,5
45054,5元广东怡远品牌工业品券,广东怡远,立创工业品-品牌推广-26年10月,75,50.0,5.0,10.0,1,2026-10-01 00:00:00,2026-10-31 23:59:59,工业品专区,5
45056,5元dytape品牌工业品券,dytape,立创工业品-品牌推广-26年10月,77,50.0,5.0,10.0,1,2026-10-01 00:00:00,2026-10-31 23:59:59,工业品专区,5
45063,5元诺德斯特品牌工业品券,诺德斯特,立创工业品-品牌推广-26年10月,62,30.0,5.0,16.67,1,2026-10-01 00:00:00,2026-10-31 23:59:59,工业品专区,5
45066,5元汇亚品牌工业品券,汇亚,立创工业品-品牌推广-26年10月,78,30.0,5.0,16.67,1,2026-10-01 00:00:00,2026-10-31 23:59:59,工业品专区,5
45068,5元优沃品牌工业品券,优沃,立创工业品-品牌推广-26年10月,78,30.0,5.0,16.67,1,2026-10-01 00:00:00,2026-10-31 23:59:59,工业品专区,5
45075,5元威尔克品牌工业品券,威尔克,立创工业品-品牌推广-26年10月,91,10.0,5.0,50.0,1,2026-10-01 00:00:00,2026-10-31 23:59:59,工业品专区,5
45076,5元威尔克品牌工业品券,威尔克,立创工业品-品牌推广-26年10月,79,50.0,5.0,10.0,1,2026-10-01 00:00:00,2026-10-31 23:59:59,工业品专区,5
45211,5元创联电源品牌工业品券,创联电源,立创工业品-品牌推广-26年10月,78,100.0,5.0,5.0,1,2026-10-01 00:00:00,2026-10-31 23:59:59,工业品专区,5
45231,5元JHT品牌工业品券,JHT,立创工业品-品牌推广-26年10月,78,100.0,5.0,5.0,1,2026-10-01 00:00:00,2026-10-31 23:59:59,工业品专区,5
45050,3元博众新材品牌工业品券,博众新材,立创工业品-品牌推广-26年10月,93,10.0,3.0,30.0,1,2026-10-01 00:00:00,2026-10-31 23:59:59,工业品专区,5
45053,3元广东怡远品牌工业品券,广东怡远,立创工业品-品牌推广-26年10月,90,10.0,3.0,30.0,1,2026-10-01 00:00:00,2026-10-31 23:59:59,工业品专区,5
45223,1元健策品牌工业品券,健策,立创工业品-品牌推广-26年10月,82,27.0,1.0,3.7,1,2026-10-01 00:00:00,2026-10-31 23:59:59,工业品专区,5
45821,<台舟>9.5折PLUS专属券,台舟,2026年10月PLUS专属品牌优惠,27,1.0,0.0,5.0,1,2026-10-01 00:00:00,2026-10-31 23:59:59,PLUS 会员专区,4
45822,<毫欧>9.5折PLUS专属券,毫欧,2026年10月PLUS专属品牌优惠,28,1.0,0.0,5.0,1,2026-10-01 00:00:00,2026-10-31 23:59:59,PLUS 会员专区,4
45823,<长江微电>9.5折PLUS专属券,长江微电,2026年10月PLUS专属品牌优惠,24,1.0,0.0,5.0,1,2026-10-01 00:00:00,2026-10-31 23:59:59,PLUS 会员专区,4
45824,<芯声>9.5折PLUS专属券,芯声,2026年10月PLUS专属品牌优惠,32,1.0,0.0,5.0,1,2026-10-01 00:00:00,2026-10-31 23:59:59,PLUS 会员专区,4
45829,<成兴光>150元PLUS专属券,成兴光,2026年10月PLUS专属品牌优惠,23,1000.0,150.0,15.0,1,2026-10-01 00:00:00,2026-10-31 23:59:59,PLUS 会员专区,4
45825,<正成>50元PLUS专属券,正成,2026年10月PLUS专属品牌优惠,22,500.0,50.0,10.0,1,2026-10-01 00:00:00,2026-10-31 23:59:59,PLUS 会员专区,4
45826,<祥如>50元PLUS专属券,祥如,2026年10月PLUS专属品牌优惠,23,300.0,50.0,16.67,1,2026-10-01 00:00:00,2026-10-31 23:59:59,PLUS 会员专区,4
45827,<爱普微>20元PLUS专属券,爱普微,2026年10月PLUS专属品牌优惠,73,21.0,20.0,95.24,1,2026-10-01 00:00:00,2026-10-31 23:59:59,PLUS 会员专区,4
45828,<富港>20元PLUS专属券,富港,2026年10月PLUS专属品牌优惠,74,21.0,20.0,95.24,1,2026-10-01 00:00:00,2026-10-31 23:59:59,PLUS 会员专区,4
